date,month,symbol,asset_type,target_weight,current_weight,recommended_amount,status,pause_buy,manual_review,reasons,manual_pause_buy,manual_force_review,thesis_broken,final_priority_level,final_reason_codes,final_human_readable_action,logic_note
2019-01-02,2019-01,510300,etf,0.3,0.0,4000.0,GREEN,False,False,ETF 风险状态正常,False,False,False,6,green,正常,
2019-01-02,2019-01,510500,etf,0.2,0.0,2666.666666666667,GREEN,False,False,ETF 风险状态正常,False,False,False,6,green,正常,
2019-01-02,2019-01,515180,etf,0.2,0.0,0.0,RED,True,True,缺少可用行情，需人工复核,False,False,False,4,price_red,价格 RED，强制人工复核,
2019-01-02,2019-01,518880,etf,0.1,0.0,1333.3333333333335,GREEN,False,False,ETF 风险状态正常,False,False,False,6,green,正常,
2019-01-02,2019-01,600519,stock,0.04,0.0,400.0,GREEN,False,False,尚无持仓成本，允许按计划定投,False,False,False,6,green,正常,
2019-01-02,2019-01,000858,stock,0.04,0.0,400.0,GREEN,False,False,尚无持仓成本，允许按计划定投,False,False,False,6,green,正常,
2019-01-02,2019-01,600036,stock,0.04,0.0,400.0,GREEN,False,False,尚无持仓成本，允许按计划定投,False,False,False,6,green,正常,
2019-01-02,2019-01,000333,stock,0.04,0.0,400.0,GREEN,False,False,尚无持仓成本，允许按计划定投,False,False,False,6,green,正常,
2019-01-02,2019-01,601318,stock,0.04,0.0,400.0,GREEN,False,False,尚无持仓成本，允许按计划定投,False,False,False,6,green,正常,
2019-02-01,2019-02,510300,etf,0.3,0.20986878270387943,3502.0421578833134,GREEN,False,False,ETF 风险状态正常,False,False,False,6,green,正常,
2019-02-01,2019-02,510500,etf,0.2,0.12885725777414359,2764.246284212765,GREEN,False,False,ETF 风险状态正常,False,False,False,6,green,正常,
2019-02-01,2019-02,515180,etf,0.2,0.0,0.0,RED,True,True,缺少可用行情，需人工复核,False,False,False,4,price_red,价格 RED，强制人工复核,
2019-02-01,2019-02,518880,etf,0.1,0.055379882334517405,1733.7115579039214,GREEN,False,False,ETF 风险状态正常,False,False,False,6,green,正常,
2019-02-01,2019-02,600519,stock,0.04,0.0,400.0,GREEN,False,False,尚无持仓成本，允许按计划定投,False,False,False,6,green,正常,
2019-02-01,2019-02,000858,stock,0.04,0.0,400.0,GREEN,False,False,尚无持仓成本，允许按计划定投,False,False,False,6,green,正常,
2019-02-01,2019-02,600036,stock,0.04,0.0,400.0,GREEN,False,False,尚无持仓成本，允许按计划定投,False,False,False,6,green,正常,
2019-02-01,2019-02,000333,stock,0.04,0.0,400.0,GREEN,False,False,尚无持仓成本，允许按计划定投,False,False,False,6,green,正常,
2019-02-01,2019-02,601318,stock,0.04,0.0,400.0,GREEN,False,False,尚无持仓成本，允许按计划定投,False,False,False,6,green,正常,
2019-03-01,2019-03,510300,etf,0.3,0.2709810712620549,4496.225151362231,GREEN,False,False,ETF 风险状态正常,False,False,False,6,green,正常,
2019-03-01,2019-03,510500,etf,0.2,0.1915159784649562,1314.523749482286,GREEN,False,False,ETF 风险状态正常,False,False,False,6,green,正常,
2019-03-01,2019-03,515180,etf,0.2,0.0,0.0,RED,True,True,缺少可用行情，需人工复核,False,False,False,4,price_red,价格 RED，强制人工复核,
2019-03-01,2019-03,518880,etf,0.1,0.08587043141809454,2189.2510991554827,GREEN,False,False,ETF 风险状态正常,False,False,False,6,green,正常,
2019-03-01,2019-03,600519,stock,0.04,0.0,400.0,GREEN,False,False,尚无持仓成本，允许按计划定投,False,False,False,6,green,正常,
2019-03-01,2019-03,000858,stock,0.04,0.0,400.0,GREEN,False,False,尚无持仓成本，允许按计划定投,False,False,False,6,green,正常,
2019-03-01,2019-03,600036,stock,0.04,0.0,400.0,GREEN,False,False,尚无持仓成本，允许按计划定投,False,False,False,6,green,正常,
2019-03-01,2019-03,000333,stock,0.04,0.0,400.0,GREEN,False,False,尚无持仓成本，允许按计划定投,False,False,False,6,green,正常,
2019-03-01,2019-03,601318,stock,0.04,0.0,400.0,GREEN,False,False,尚无持仓成本，允许按计划定投,False,False,False,6,green,正常,
2019-04-01,2019-04,510300,etf,0.3,0.3199093187834863,0.0,GREEN,False,False,ETF 风险状态正常,False,False,False,6,green,正常,
2019-04-01,2019-04,510500,etf,0.2,0.1838399375143643,8000.000000000001,GREEN,False,False,ETF 风险状态正常,False,False,False,6,green,正常,
2019-04-01,2019-04,515180,etf,0.2,0.0,0.0,RED,True,True,缺少可用行情，需人工复核,False,False,False,4,price_red,价格 RED，强制人工复核,
2019-04-01,2019-04,518880,etf,0.1,0.10568209875837874,0.0,GREEN,False,False,ETF 风险状态正常,False,False,False,6,green,正常,
2019-04-01,2019-04,600519,stock,0.04,0.0,400.0,GREEN,False,False,尚无持仓成本，允许按计划定投,False,False,False,6,green,正常,
2019-04-01,2019-04,000858,stock,0.04,0.0,400.0,GREEN,False,False,尚无持仓成本，允许按计划定投,False,False,False,6,green,正常,
2019-04-01,2019-04,600036,stock,0.04,0.0,400.0,GREEN,False,False,尚无持仓成本，允许按计划定投,False,False,False,6,green,正常,
2019-04-01,2019-04,000333,stock,0.04,0.0,400.0,GREEN,False,False,尚无持仓成本，允许按计划定投,False,False,False,6,green,正常,
2019-04-01,2019-04,601318,stock,0.04,0.0,400.0,GREEN,False,False,尚无持仓成本，允许按计划定投,False,False,False,6,green,正常,
2019-05-06,2019-05,510300,etf,0.3,0.2564164752583753,8000.0,GREEN,False,False,ETF 风险状态正常,False,False,False,6,green,正常,
2019-05-06,2019-05,510500,etf,0.2,0.26368982720080036,0.0,YELLOW,True,True,相对参考高点回撤 17.37%，进入 YELLOW 区域,False,False,False,5,price_yellow,价格 YELLOW，暂停新增并人工复核,
2019-05-06,2019-05,515180,etf,0.2,0.0,0.0,RED,True,True,缺少可用行情，需人工复核,False,False,False,4,price_red,价格 RED，强制人工复核,
2019-05-06,2019-05,518880,etf,0.1,0.09290987989730554,0.0,YELLOW,True,True,相对参考高点回撤 3.62%，进入 YELLOW 区域；跌破长期均线且持续弱势,False,False,False,5,price_yellow,价格 YELLOW，暂停新增并人工复核,
2019-05-06,2019-05,600519,stock,0.04,0.0,400.0,GREEN,False,False,尚无持仓成本，允许按计划定投,False,False,False,6,green,正常,
2019-05-06,2019-05,000858,stock,0.04,0.0,400.0,GREEN,False,False,尚无持仓成本，允许按计划定投,False,False,False,6,green,正常,
2019-05-06,2019-05,600036,stock,0.04,0.0,400.0,GREEN,False,False,尚无持仓成本，允许按计划定投,False,False,False,6,green,正常,
2019-05-06,2019-05,000333,stock,0.04,0.0,400.0,GREEN,False,False,尚无持仓成本，允许按计划定投,False,False,False,6,green,正常,
2019-05-06,2019-05,601318,stock,0.04,0.0,400.0,GREEN,False,False,尚无持仓成本，允许按计划定投,False,False,False,6,green,正常,
2019-06-03,2019-06,510300,etf,0.3,0.33914276821829903,0.0,GREEN,False,False,ETF 风险状态正常,False,False,False,6,green,正常,
2019-06-03,2019-06,510500,etf,0.2,0.21943953334566385,0.0,YELLOW,True,True,相对参考高点回撤 17.94%，进入 YELLOW 区域；跌破长期均线且持续弱势,False,False,False,5,price_yellow,价格 YELLOW，暂停新增并人工复核,
2019-06-03,2019-06,515180,etf,0.2,0.0,0.0,RED,True,True,缺少可用行情，需人工复核,False,False,False,4,price_red,价格 RED，强制人工复核,
2019-06-03,2019-06,518880,etf,0.1,0.081228717694318,8000.0,GREEN,False,False,ETF 风险状态正常,False,False,False,6,green,正常,
2019-06-03,2019-06,600519,stock,0.04,0.0,400.0,GREEN,False,False,尚无持仓成本，允许按计划定投,False,False,False,6,green,正常,
2019-06-03,2019-06,000858,stock,0.04,0.0,400.0,GREEN,False,False,尚无持仓成本，允许按计划定投,False,False,False,6,green,正常,
2019-06-03,2019-06,600036,stock,0.04,0.0,400.0,GREEN,False,False,尚无持仓成本，允许按计划定投,False,False,False,6,green,正常,
2019-06-03,2019-06,000333,stock,0.04,0.0,400.0,GREEN,False,False,尚无持仓成本，允许按计划定投,False,False,False,6,green,正常,
2019-06-03,2019-06,601318,stock,0.04,0.0,400.0,GREEN,False,False,尚无持仓成本，允许按计划定投,False,False,False,6,green,正常,
2019-07-01,2019-07,510300,etf,0.3,0.30663928175546507,0.0,GREEN,False,False,ETF 风险状态正常,False,False,False,6,green,正常,
2019-07-01,2019-07,510500,etf,0.2,0.18955985634252365,8000.0,GREEN,False,False,ETF 风险状态正常,False,False,False,6,green,正常,
2019-07-01,2019-07,515180,etf,0.2,0.0,0.0,RED,True,True,缺少可用行情，需人工复核,False,False,False,4,price_red,价格 RED，强制人工复核,
2019-07-01,2019-07,518880,etf,0.1,0.17964478207562992,0.0,GREEN,False,False,ETF 风险状态正常,False,False,False,6,green,正常,
2019-07-01,2019-07,600519,stock,0.04,0.0,400.0,GREEN,False,False,尚无持仓成本，允许按计划定投,False,False,False,6,green,正常,
2019-07-01,2019-07,000858,stock,0.04,0.0,400.0,GREEN,False,False,尚无持仓成本，允许按计划定投,False,False,False,6,green,正常,
2019-07-01,2019-07,600036,stock,0.04,0.0,400.0,GREEN,False,False,尚无持仓成本，允许按计划定投,False,False,False,6,green,正常,
2019-07-01,2019-07,000333,stock,0.04,0.0,400.0,GREEN,False,False,尚无持仓成本，允许按计划定投,False,False,False,6,green,正常,
2019-07-01,2019-07,601318,stock,0.04,0.0,400.0,GREEN,False,False,尚无持仓成本，允许按计划定投,False,False,False,6,green,正常,
2019-08-01,2019-08,510300,etf,0.3,0.26663690197422063,8000.0,GREEN,False,False,ETF 风险状态正常,False,False,False,6,green,正常,
2019-08-01,2019-08,510500,etf,0.2,0.25144393324924313,0.0,YELLOW,True,True,相对参考高点回撤 17.26%，进入 YELLOW 区域；跌破长期均线且持续弱势,False,False,False,5,price_yellow,价格 YELLOW，暂停新增并人工复核,
2019-08-01,2019-08,515180,etf,0.2,0.0,0.0,RED,True,True,缺少可用行情，需人工复核,False,False,False,4,price_red,价格 RED，强制人工复核,
2019-08-01,2019-08,518880,etf,0.1,0.16477962943158153,0.0,GREEN,False,False,ETF 风险状态正常,False,False,False,6,green,正常,
2019-08-01,2019-08,600519,stock,0.04,0.0,400.0,GREEN,False,False,尚无持仓成本，允许按计划定投,False,False,False,6,green,正常,
2019-08-01,2019-08,000858,stock,0.04,0.0,400.0,GREEN,False,False,尚无持仓成本，允许按计划定投,False,False,False,6,green,正常,
2019-08-01,2019-08,600036,stock,0.04,0.0,400.0,GREEN,False,False,尚无持仓成本，允许按计划定投,False,False,False,6,green,正常,
2019-08-01,2019-08,000333,stock,0.04,0.0,400.0,GREEN,False,False,尚无持仓成本，允许按计划定投,False,False,False,6,green,正常,
2019-08-01,2019-08,601318,stock,0.04,0.0,400.0,GREEN,False,False,尚无持仓成本，允许按计划定投,False,False,False,6,green,正常,
2019-09-02,2019-09,510300,etf,0.3,0.31832154318631395,5999.999999999999,GREEN,False,False,ETF 风险状态正常,False,False,False,6,green,正常,
2019-09-02,2019-09,510500,etf,0.2,0.22457597868089516,0.0,YELLOW,True,True,相对参考高点回撤 14.81%，进入 YELLOW 区域；跌破长期均线且持续弱势,False,False,False,5,price_yellow,价格 YELLOW，暂停新增并人工复核,
2019-09-02,2019-09,515180,etf,0.2,0.0,0.0,RED,True,True,缺少可用行情，需人工复核,False,False,False,4,price_red,价格 RED，强制人工复核,
2019-09-02,2019-09,518880,etf,0.1,0.16057366198409384,2000.0,GREEN,False,False,ETF 风险状态正常,False,False,False,6,green,正常,
2019-09-02,2019-09,600519,stock,0.04,0.0,400.0,GREEN,False,False,尚无持仓成本，允许按计划定投,False,False,False,6,green,正常,
2019-09-02,2019-09,000858,stock,0.04,0.0,400.0,GREEN,False,False,尚无持仓成本，允许按计划定投,False,False,False,6,green,正常,
2019-09-02,2019-09,600036,stock,0.04,0.0,400.0,GREEN,False,False,尚无持仓成本，允许按计划定投,False,False,False,6,green,正常,
2019-09-02,2019-09,000333,stock,0.04,0.0,400.0,GREEN,False,False,尚无持仓成本，允许按计划定投,False,False,False,6,green,正常,
2019-09-02,2019-09,601318,stock,0.04,0.0,400.0,GREEN,False,False,尚无持仓成本，允许按计划定投,False,False,False,6,green,正常,
2019-10-08,2019-10,510300,etf,0.3,0.34409843571656984,5999.999999999999,GREEN,False,False,ETF 风险状态正常,False,False,False,6,green,正常,
2019-10-08,2019-10,510500,etf,0.2,0.20232333444640507,0.0,YELLOW,True,True,相对参考高点回撤 15.99%，进入 YELLOW 区域,False,False,False,5,price_yellow,价格 YELLOW，暂停新增并人工复核,
2019-10-08,2019-10,515180,etf,0.2,0.0,0.0,RED,True,True,缺少可用行情，需人工复核,False,False,False,4,price_red,价格 RED，强制人工复核,
2019-10-08,2019-10,518880,etf,0.1,0.15840841386167206,2000.0,GREEN,False,False,ETF 风险状态正常,False,False,False,6,green,正常,
2019-10-08,2019-10,600519,stock,0.04,0.0,400.0,GREEN,False,False,尚无持仓成本，允许按计划定投,False,False,False,6,green,正常,
2019-10-08,2019-10,000858,stock,0.04,0.0,400.0,GREEN,False,False,尚无持仓成本，允许按计划定投,False,False,False,6,green,正常,
2019-10-08,2019-10,600036,stock,0.04,0.0,400.0,GREEN,False,False,尚无持仓成本，允许按计划定投,False,False,False,6,green,正常,
2019-10-08,2019-10,000333,stock,0.04,0.0,400.0,GREEN,False,False,尚无持仓成本，允许按计划定投,False,False,False,6,green,正常,
2019-10-08,2019-10,601318,stock,0.04,0.0,400.0,GREEN,False,False,尚无持仓成本，允许按计划定投,False,False,False,6,green,正常,
2019-11-01,2019-11,510300,etf,0.3,0.37230052500415733,5999.999999999999,GREEN,False,False,ETF 风险状态正常,False,False,False,6,green,正常,
2019-11-01,2019-11,510500,etf,0.2,0.18297504178493984,0.0,YELLOW,True,True,相对参考高点回撤 15.51%，进入 YELLOW 区域,False,False,False,5,price_yellow,价格 YELLOW，暂停新增并人工复核,
2019-11-01,2019-11,515180,etf,0.2,0.0,0.0,RED,True,True,缺少可用行情，需人工复核,False,False,False,4,price_red,价格 RED，强制人工复核,
2019-11-01,2019-11,518880,etf,0.1,0.1568511866909539,2000.0,GREEN,False,False,ETF 风险状态正常,False,False,False,6,green,正常,
2019-11-01,2019-11,600519,stock,0.04,0.0,400.0,GREEN,False,False,尚无持仓成本，允许按计划定投,False,False,False,6,green,正常,
2019-11-01,2019-11,000858,stock,0.04,0.0,400.0,GREEN,False,False,尚无持仓成本，允许按计划定投,False,False,False,6,green,正常,
2019-11-01,2019-11,600036,stock,0.04,0.0,400.0,GREEN,False,False,尚无持仓成本，允许按计划定投,False,False,False,6,green,正常,
2019-11-01,2019-11,000333,stock,0.04,0.0,400.0,GREEN,False,False,尚无持仓成本，允许按计划定投,False,False,False,6,green,正常,
2019-11-01,2019-11,601318,stock,0.04,0.0,400.0,GREEN,False,False,尚无持仓成本，允许按计划定投,False,False,False,6,green,正常,
2019-12-02,2019-12,510300,etf,0.3,0.38336155648246817,5999.999999999999,GREEN,False,False,ETF 风险状态正常,False,False,False,6,green,正常,
2019-12-02,2019-12,510500,etf,0.2,0.17033983034136418,0.0,YELLOW,True,True,相对参考高点回撤 16.50%，进入 YELLOW 区域,False,False,False,5,price_yellow,价格 YELLOW，暂停新增并人工复核,
2019-12-02,2019-12,515180,etf,0.2,0.0,0.0,RED,True,True,缺少可用行情，需人工复核,False,False,False,4,price_red,价格 RED，强制人工复核,
2019-12-02,2019-12,518880,etf,0.1,0.15580475291073514,2000.0,GREEN,False,False,ETF 风险状态正常,False,False,False,6,green,正常,
2019-12-02,2019-12,600519,stock,0.04,0.0,400.0,GREEN,False,False,尚无持仓成本，允许按计划定投,False,False,False,6,green,正常,
2019-12-02,2019-12,000858,stock,0.04,0.0,400.0,GREEN,False,False,尚无持仓成本，允许按计划定投,False,False,False,6,green,正常,
2019-12-02,2019-12,600036,stock,0.04,0.0,400.0,GREEN,False,False,尚无持仓成本，允许按计划定投,False,False,False,6,green,正常,
2019-12-02,2019-12,000333,stock,0.04,0.0,400.0,GREEN,False,False,尚无持仓成本，允许按计划定投,False,False,False,6,green,正常,
2019-12-02,2019-12,601318,stock,0.04,0.0,400.0,GREEN,False,False,尚无持仓成本，允许按计划定投,False,False,False,6,green,正常,
2020-01-02,2020-01,510300,etf,0.3,0.41080003120815106,0.0,GREEN,False,False,ETF 风险状态正常,False,False,False,6,green,正常,
2020-01-02,2020-01,510500,etf,0.2,0.16391826863974834,1222.6860978138907,GREEN,False,False,ETF 风险状态正常,False,False,False,6,green,正常,
2020-01-02,2020-01,515180,etf,0.2,0.0,6777.313902186109,GREEN,False,False,ETF 风险状态正常,False,False,False,6,green,正常,
2020-01-02,2020-01,518880,etf,0.1,0.15471517039614302,0.0,GREEN,False,False,ETF 风险状态正常,False,False,False,6,green,正常,
2020-01-02,2020-01,600519,stock,0.04,0.0,400.0,GREEN,False,False,尚无持仓成本，允许按计划定投,False,False,False,6,green,正常,
2020-01-02,2020-01,000858,stock,0.04,0.0,400.0,GREEN,False,False,尚无持仓成本，允许按计划定投,False,False,False,6,green,正常,
2020-01-02,2020-01,600036,stock,0.04,0.0,400.0,GREEN,False,False,尚无持仓成本，允许按计划定投,False,False,False,6,green,正常,
2020-01-02,2020-01,000333,stock,0.04,0.0,400.0,GREEN,False,False,尚无持仓成本，允许按计划定投,False,False,False,6,green,正常,
2020-01-02,2020-01,601318,stock,0.04,0.0,400.0,GREEN,False,False,尚无持仓成本，允许按计划定投,False,False,False,6,green,正常,
2020-02-03,2020-02,510300,etf,0.3,0.3559651835917444,5999.999999999999,GREEN,False,False,ETF 风险状态正常,False,False,False,6,green,正常,
2020-02-03,2020-02,510500,etf,0.2,0.15621248616859454,0.0,YELLOW,True,True,相对参考高点回撤 15.97%，进入 YELLOW 区域,False,False,False,5,price_yellow,价格 YELLOW，暂停新增并人工复核,
2020-02-03,2020-02,515180,etf,0.2,0.039076795454325276,0.0,YELLOW,True,True,相对参考高点回撤 18.87%，进入 YELLOW 区域,False,False,False,5,price_yellow,价格 YELLOW，暂停新增并人工复核,
2020-02-03,2020-02,518880,etf,0.1,0.16168928674677419,2000.0,GREEN,False,False,ETF 风险状态正常,False,False,False,6,green,正常,
2020-02-03,2020-02,600519,stock,0.04,0.0,400.0,GREEN,False,False,尚无持仓成本，允许按计划定投,False,False,False,6,green,正常,
2020-02-03,2020-02,000858,stock,0.04,0.0,400.0,GREEN,False,False,尚无持仓成本，允许按计划定投,False,False,False,6,green,正常,
2020-02-03,2020-02,600036,stock,0.04,0.0,400.0,GREEN,False,False,尚无持仓成本，允许按计划定投,False,False,False,6,green,正常,
2020-02-03,2020-02,000333,stock,0.04,0.0,400.0,GREEN,False,False,尚无持仓成本，允许按计划定投,False,False,False,6,green,正常,
2020-02-03,2020-02,601318,stock,0.04,0.0,400.0,GREEN,False,False,尚无持仓成本，允许按计划定投,False,False,False,6,green,正常,
2020-03-02,2020-03,510300,etf,0.3,0.38826626224565125,0.0,GREEN,False,False,ETF 风险状态正常,False,False,False,6,green,正常,
2020-03-02,2020-03,510500,etf,0.2,0.15618271901630695,1718.3993217629848,GREEN,False,False,ETF 风险状态正常,False,False,False,6,green,正常,
2020-03-02,2020-03,515180,etf,0.2,0.03982613443813276,6281.600678237015,GREEN,False,False,ETF 风险状态正常,False,False,False,6,green,正常,
2020-03-02,2020-03,518880,etf,0.1,0.15170986622097216,0.0,GREEN,False,False,ETF 风险状态正常,False,False,False,6,green,正常,
2020-03-02,2020-03,600519,stock,0.04,0.0,400.0,GREEN,False,False,尚无持仓成本，允许按计划定投,False,False,False,6,green,正常,
2020-03-02,2020-03,000858,stock,0.04,0.0,400.0,GREEN,False,False,尚无持仓成本，允许按计划定投,False,False,False,6,green,正常,
2020-03-02,2020-03,600036,stock,0.04,0.0,400.0,GREEN,False,False,尚无持仓成本，允许按计划定投,False,False,False,6,green,正常,
2020-03-02,2020-03,000333,stock,0.04,0.0,400.0,GREEN,False,False,尚无持仓成本，允许按计划定投,False,False,False,6,green,正常,
2020-03-02,2020-03,601318,stock,0.04,0.0,400.0,GREEN,False,False,尚无持仓成本，允许按计划定投,False,False,False,6,green,正常,
2020-04-01,2020-04,510300,etf,0.3,0.34928482389959675,0.0,YELLOW,True,True,相对参考高点回撤 14.25%，进入 YELLOW 区域；跌破长期均线且持续弱势,False,False,False,5,price_yellow,价格 YELLOW，暂停新增并人工复核,
2020-04-01,2020-04,510500,etf,0.2,0.1478761508136998,0.0,YELLOW,True,True,相对参考高点回撤 15.58%，进入 YELLOW 区域,False,False,False,5,price_yellow,价格 YELLOW，暂停新增并人工复核,
2020-04-01,2020-04,515180,etf,0.2,0.06832218389345927,0.0,YELLOW,True,True,相对参考高点回撤 17.46%，进入 YELLOW 区域；跌破长期均线且持续弱势,False,False,False,5,price_yellow,价格 YELLOW，暂停新增并人工复核,
2020-04-01,2020-04,518880,etf,0.1,0.15315560357207814,8000.0,GREEN,False,False,ETF 风险状态正常,False,False,False,6,green,正常,
2020-04-01,2020-04,600519,stock,0.04,0.0,400.0,GREEN,False,False,尚无持仓成本，允许按计划定投,False,False,False,6,green,正常,
2020-04-01,2020-04,000858,stock,0.04,0.0,400.0,GREEN,False,False,尚无持仓成本，允许按计划定投,False,False,False,6,green,正常,
2020-04-01,2020-04,600036,stock,0.04,0.0,400.0,GREEN,False,False,尚无持仓成本，允许按计划定投,False,False,False,6,green,正常,
2020-04-01,2020-04,000333,stock,0.04,0.0,400.0,GREEN,False,False,尚无持仓成本，允许按计划定投,False,False,False,6,green,正常,
2020-04-01,2020-04,601318,stock,0.04,0.0,400.0,GREEN,False,False,尚无持仓成本，允许按计划定投,False,False,False,6,green,正常,
2020-05-06,2020-05,510300,etf,0.3,0.336106459203641,0.0,YELLOW,True,True,相对参考高点回撤 7.65%，进入 YELLOW 区域；跌破长期均线且持续弱势,False,False,False,5,price_yellow,价格 YELLOW，暂停新增并人工复核,
2020-05-06,2020-05,510500,etf,0.2,0.14413515237732913,8000.0,GREEN,False,False,ETF 风险状态正常,False,False,False,6,green,正常,
2020-05-06,2020-05,515180,etf,0.2,0.06531529278970817,0.0,YELLOW,True,True,相对参考高点回撤 11.69%，进入 YELLOW 区域；跌破长期均线且持续弱势,False,False,False,5,price_yellow,价格 YELLOW，暂停新增并人工复核,
2020-05-06,2020-05,518880,etf,0.1,0.19070629262970784,0.0,GREEN,False,False,ETF 风险状态正常,False,False,False,6,green,正常,
2020-05-06,2020-05,600519,stock,0.04,0.0,400.0,GREEN,False,False,尚无持仓成本，允许按计划定投,False,False,False,6,green,正常,
2020-05-06,2020-05,000858,stock,0.04,0.0,400.0,GREEN,False,False,尚无持仓成本，允许按计划定投,False,False,False,6,green,正常,
2020-05-06,2020-05,600036,stock,0.04,0.0,400.0,GREEN,False,False,尚无持仓成本，允许按计划定投,False,False,False,6,green,正常,
2020-05-06,2020-05,000333,stock,0.04,0.0,400.0,GREEN,False,False,尚无持仓成本，允许按计划定投,False,False,False,6,green,正常,
2020-05-06,2020-05,601318,stock,0.04,0.0,400.0,GREEN,False,False,尚无持仓成本，允许按计划定投,False,False,False,6,green,正常,
2020-06-01,2020-06,510300,etf,0.3,0.31741293430464396,0.0,GREEN,False,False,ETF 风险状态正常,False,False,False,6,green,正常,
2020-06-01,2020-06,510500,etf,0.2,0.17978733524644958,8000.0,GREEN,False,False,ETF 风险状态正常,False,False,False,6,green,正常,
2020-06-01,2020-06,515180,etf,0.2,0.061474325170960624,0.0,YELLOW,True,True,相对参考高点回撤 10.70%，进入 YELLOW 区域；跌破长期均线且持续弱势,False,False,False,5,price_yellow,价格 YELLOW，暂停新增并人工复核,
2020-06-01,2020-06,518880,etf,0.1,0.18481701525070499,0.0,GREEN,False,False,ETF 风险状态正常,False,False,False,6,green,正常,
2020-06-01,2020-06,600519,stock,0.04,0.0,400.0,GREEN,False,False,尚无持仓成本，允许按计划定投,False,False,False,6,green,正常,
2020-06-01,2020-06,000858,stock,0.04,0.0,400.0,GREEN,False,False,尚无持仓成本，允许按计划定投,False,False,False,6,green,正常,
2020-06-01,2020-06,600036,stock,0.04,0.0,400.0,GREEN,False,False,尚无持仓成本，允许按计划定投,False,False,False,6,green,正常,
2020-06-01,2020-06,000333,stock,0.04,0.0,400.0,GREEN,False,False,尚无持仓成本，允许按计划定投,False,False,False,6,green,正常,
2020-06-01,2020-06,601318,stock,0.04,0.0,400.0,GREEN,False,False,尚无持仓成本，允许按计划定投,False,False,False,6,green,正常,
2020-07-01,2020-07,510300,etf,0.3,0.31418925058922753,0.0,GREEN,False,False,ETF 风险状态正常,False,False,False,6,green,正常,
2020-07-01,2020-07,510500,etf,0.2,0.21173081473191,0.0,GREEN,False,False,ETF 风险状态正常,False,False,False,6,green,正常,
2020-07-01,2020-07,515180,etf,0.2,0.05913492231334953,8000.0,GREEN,False,False,ETF 风险状态正常,False,False,False,6,green,正常,
2020-07-01,2020-07,518880,etf,0.1,0.17013167852723177,0.0,GREEN,False,False,ETF 风险状态正常,False,False,False,6,green,正常,
2020-07-01,2020-07,600519,stock,0.04,0.0,400.0,GREEN,False,False,尚无持仓成本，允许按计划定投,False,False,False,6,green,正常,
2020-07-01,2020-07,000858,stock,0.04,0.0,400.0,GREEN,False,False,尚无持仓成本，允许按计划定投,False,False,False,6,green,正常,
2020-07-01,2020-07,600036,stock,0.04,0.0,400.0,GREEN,False,False,尚无持仓成本，允许按计划定投,False,False,False,6,green,正常,
2020-07-01,2020-07,000333,stock,0.04,0.0,400.0,GREEN,False,False,尚无持仓成本，允许按计划定投,False,False,False,6,green,正常,
2020-07-01,2020-07,601318,stock,0.04,0.0,400.0,GREEN,False,False,尚无持仓成本，允许按计划定投,False,False,False,6,green,正常,
2020-08-03,2020-08,510300,etf,0.3,0.311710560545473,0.0,GREEN,False,False,ETF 风险状态正常,False,False,False,6,green,正常,
2020-08-03,2020-08,510500,etf,0.2,0.2122702765242283,0.0,GREEN,False,False,ETF 风险状态正常,False,False,False,6,green,正常,
2020-08-03,2020-08,515180,etf,0.2,0.09892382615889077,8000.0,GREEN,False,False,ETF 风险状态正常,False,False,False,6,green,正常,
2020-08-03,2020-08,518880,etf,0.1,0.15700969159212896,0.0,GREEN,False,False,ETF 风险状态正常,False,False,False,6,green,正常,
2020-08-03,2020-08,600519,stock,0.04,0.0,400.0,GREEN,False,False,尚无持仓成本，允许按计划定投,False,False,False,6,green,正常,
2020-08-03,2020-08,000858,stock,0.04,0.0,400.0,GREEN,False,False,尚无持仓成本，允许按计划定投,False,False,False,6,green,正常,
2020-08-03,2020-08,600036,stock,0.04,0.0,400.0,GREEN,False,False,尚无持仓成本，允许按计划定投,False,False,False,6,green,正常,
2020-08-03,2020-08,000333,stock,0.04,0.0,400.0,GREEN,False,False,尚无持仓成本，允许按计划定投,False,False,False,6,green,正常,
2020-08-03,2020-08,601318,stock,0.04,0.0,400.0,GREEN,False,False,尚无持仓成本，允许按计划定投,False,False,False,6,green,正常,
2020-09-01,2020-09,510300,etf,0.3,0.30267227859194745,0.0,GREEN,False,False,ETF 风险状态正常,False,False,False,6,green,正常,
2020-09-01,2020-09,510500,etf,0.2,0.2016568588518269,0.0,GREEN,False,False,ETF 风险状态正常,False,False,False,6,green,正常,
2020-09-01,2020-09,515180,etf,0.2,0.1295204090667291,8000.0,GREEN,False,False,ETF 风险状态正常,False,False,False,6,green,正常,
2020-09-01,2020-09,518880,etf,0.1,0.148488118081762,0.0,GREEN,False,False,ETF 风险状态正常,False,False,False,6,green,正常,
2020-09-01,2020-09,600519,stock,0.04,0.0,400.0,GREEN,False,False,尚无持仓成本，允许按计划定投,False,False,False,6,green,正常,
2020-09-01,2020-09,000858,stock,0.04,0.0,400.0,GREEN,False,False,尚无持仓成本，允许按计划定投,False,False,False,6,green,正常,
2020-09-01,2020-09,600036,stock,0.04,0.0,400.0,GREEN,False,False,尚无持仓成本，允许按计划定投,False,False,False,6,green,正常,
2020-09-01,2020-09,000333,stock,0.04,0.0,400.0,GREEN,False,False,尚无持仓成本，允许按计划定投,False,False,False,6,green,正常,
2020-09-01,2020-09,601318,stock,0.04,0.0,400.0,GREEN,False,False,尚无持仓成本，允许按计划定投,False,False,False,6,green,正常,
2020-10-09,2020-10,510300,etf,0.3,0.2897697698320965,1254.5154608905557,GREEN,False,False,ETF 风险状态正常,False,False,False,6,green,正常,
2020-10-09,2020-10,510500,etf,0.2,0.18979924548627586,1250.9009123143333,GREEN,False,False,ETF 风险状态正常,False,False,False,6,green,正常,
2020-10-09,2020-10,515180,etf,0.2,0.1551931746309409,5494.583626795111,GREEN,False,False,ETF 风险状态正常,False,False,False,6,green,正常,
2020-10-09,2020-10,518880,etf,0.1,0.14079363309859272,0.0,GREEN,False,False,ETF 风险状态正常,False,False,False,6,green,正常,
2020-10-09,2020-10,600519,stock,0.04,0.0,400.0,GREEN,False,False,尚无持仓成本，允许按计划定投,False,False,False,6,green,正常,
2020-10-09,2020-10,000858,stock,0.04,0.0,400.0,GREEN,False,False,尚无持仓成本，允许按计划定投,False,False,False,6,green,正常,
2020-10-09,2020-10,600036,stock,0.04,0.0,400.0,GREEN,False,False,尚无持仓成本，允许按计划定投,False,False,False,6,green,正常,
2020-10-09,2020-10,000333,stock,0.04,0.0,400.0,GREEN,False,False,尚无持仓成本，允许按计划定投,False,False,False,6,green,正常,
2020-10-09,2020-10,601318,stock,0.04,0.0,400.0,GREEN,False,False,尚无持仓成本，允许按计划定投,False,False,False,6,green,正常,
2020-11-02,2020-11,510300,etf,0.3,0.28644953396879264,1770.2781772257547,GREEN,False,False,ETF 风险状态正常,False,False,False,6,green,正常,
2020-11-02,2020-11,510500,etf,0.2,0.18156469915701015,2408.4493254900003,GREEN,False,False,ETF 风险状态正常,False,False,False,6,green,正常,
2020-11-02,2020-11,515180,etf,0.2,0.17075034656328264,3821.272497284245,GREEN,False,False,ETF 风险状态正常,False,False,False,6,green,正常,
2020-11-02,2020-11,518880,etf,0.1,0.13474523825860257,0.0,YELLOW,True,True,相对参考高点回撤 10.23%，进入 YELLOW 区域；跌破长期均线且持续弱势,False,False,False,5,price_yellow,价格 YELLOW，暂停新增并人工复核,
2020-11-02,2020-11,600519,stock,0.04,0.0,400.0,GREEN,False,False,尚无持仓成本，允许按计划定投,False,False,False,6,green,正常,
2020-11-02,2020-11,000858,stock,0.04,0.0,400.0,GREEN,False,False,尚无持仓成本，允许按计划定投,False,False,False,6,green,正常,
2020-11-02,2020-11,600036,stock,0.04,0.0,400.0,GREEN,False,False,尚无持仓成本，允许按计划定投,False,False,False,6,green,正常,
2020-11-02,2020-11,000333,stock,0.04,0.0,400.0,GREEN,False,False,尚无持仓成本，允许按计划定投,False,False,False,6,green,正常,
2020-11-02,2020-11,601318,stock,0.04,0.0,400.0,GREEN,False,False,尚无持仓成本，允许按计划定投,False,False,False,6,green,正常,
2020-12-01,2020-12,510300,etf,0.3,0.29262280936039103,1833.2029699409504,GREEN,False,False,ETF 风险状态正常,False,False,False,6,green,正常,
2020-12-01,2020-12,510500,etf,0.2,0.18407602379375135,3957.0456967493337,GREEN,False,False,ETF 风险状态正常,False,False,False,6,green,正常,
2020-12-01,2020-12,515180,etf,0.2,0.19110750030451842,2209.751333309716,GREEN,False,False,ETF 风险状态正常,False,False,False,6,green,正常,
2020-12-01,2020-12,518880,etf,0.1,0.11554422549543111,0.0,YELLOW,True,True,相对参考高点回撤 16.56%，进入 YELLOW 区域；跌破长期均线且持续弱势,False,False,False,5,price_yellow,价格 YELLOW，暂停新增并人工复核,
2020-12-01,2020-12,600519,stock,0.04,0.0,400.0,GREEN,False,False,尚无持仓成本，允许按计划定投,False,False,False,6,green,正常,
2020-12-01,2020-12,000858,stock,0.04,0.0,400.0,GREEN,False,False,尚无持仓成本，允许按计划定投,False,False,False,6,green,正常,
2020-12-01,2020-12,600036,stock,0.04,0.0,400.0,GREEN,False,False,尚无持仓成本，允许按计划定投,False,False,False,6,green,正常,
2020-12-01,2020-12,000333,stock,0.04,0.0,400.0,GREEN,False,False,尚无持仓成本，允许按计划定投,False,False,False,6,green,正常,
2020-12-01,2020-12,601318,stock,0.04,0.0,400.0,GREEN,False,False,尚无持仓成本，允许按计划定投,False,False,False,6,green,正常,
2021-01-04,2021-01,510300,etf,0.3,0.29751403200642634,549.8005166238685,GREEN,False,False,ETF 风险状态正常,False,False,False,6,green,正常,
2021-01-04,2021-01,510500,etf,0.2,0.19068419478586565,2060.297852884109,GREEN,False,False,ETF 风险状态正常,False,False,False,6,green,正常,
2021-01-04,2021-01,515180,etf,0.2,0.17562911904086073,5389.901630492022,GREEN,False,False,ETF 风险状态正常,False,False,False,6,green,正常,
2021-01-04,2021-01,518880,etf,0.1,0.11856462521652464,0.0,YELLOW,True,True,相对参考高点回撤 10.87%，进入 YELLOW 区域；跌破长期均线且持续弱势,False,False,False,5,price_yellow,价格 YELLOW，暂停新增并人工复核,
2021-01-04,2021-01,600519,stock,0.04,0.0,400.0,GREEN,False,False,尚无持仓成本，允许按计划定投,False,False,False,6,green,正常,
2021-01-04,2021-01,000858,stock,0.04,0.0,400.0,GREEN,False,False,尚无持仓成本，允许按计划定投,False,False,False,6,green,正常,
2021-01-04,2021-01,600036,stock,0.04,0.0,400.0,GREEN,False,False,尚无持仓成本，允许按计划定投,False,False,False,6,green,正常,
2021-01-04,2021-01,000333,stock,0.04,0.0,400.0,GREEN,False,False,尚无持仓成本，允许按计划定投,False,False,False,6,green,正常,
2021-01-04,2021-01,601318,stock,0.04,0.0,400.0,GREEN,False,False,尚无持仓成本，允许按计划定投,False,False,False,6,green,正常,
2021-02-01,2021-02,510300,etf,0.3,0.2993047569623229,177.2099971248186,GREEN,False,False,ETF 风险状态正常,False,False,False,6,green,正常,
2021-02-01,2021-02,510500,etf,0.2,0.1883880513897822,2959.761217754126,GREEN,False,False,ETF 风险状态正常,False,False,False,6,green,正常,
2021-02-01,2021-02,515180,etf,0.2,0.1809210148426485,4863.028785121055,GREEN,False,False,ETF 风险状态正常,False,False,False,6,green,正常,
2021-02-01,2021-02,518880,etf,0.1,0.11268046391535416,0.0,YELLOW,True,True,相对参考高点回撤 12.75%，进入 YELLOW 区域；跌破长期均线且持续弱势,False,False,False,5,price_yellow,价格 YELLOW，暂停新增并人工复核,
2021-02-01,2021-02,600519,stock,0.04,0.0,400.0,GREEN,False,False,尚无持仓成本，允许按计划定投,False,False,False,6,green,正常,
2021-02-01,2021-02,000858,stock,0.04,0.0,400.0,GREEN,False,False,尚无持仓成本，允许按计划定投,False,False,False,6,green,正常,
2021-02-01,2021-02,600036,stock,0.04,0.0,400.0,GREEN,False,False,尚无持仓成本，允许按计划定投,False,False,False,6,green,正常,
2021-02-01,2021-02,000333,stock,0.04,0.0,400.0,GREEN,False,False,尚无持仓成本，允许按计划定投,False,False,False,6,green,正常,
2021-02-01,2021-02,601318,stock,0.04,0.0,400.0,GREEN,False,False,尚无持仓成本，允许按计划定投,False,False,False,6,green,正常,
2021-03-01,2021-03,510300,etf,0.3,0.28602931144496385,4663.842365173437,GREEN,False,False,ETF 风险状态正常,False,False,False,6,green,正常,
2021-03-01,2021-03,510500,etf,0.2,0.19000643340034187,3336.157634826562,GREEN,False,False,ETF 风险状态正常,False,False,False,6,green,正常,
2021-03-01,2021-03,515180,etf,0.2,0.20538014210310082,0.0,GREEN,False,False,ETF 风险状态正常,False,False,False,6,green,正常,
2021-03-01,2021-03,518880,etf,0.1,0.10119813745348788,0.0,YELLOW,True,True,相对参考高点回撤 17.88%，进入 YELLOW 区域；跌破长期均线且持续弱势,False,False,False,5,price_yellow,价格 YELLOW，暂停新增并人工复核,
2021-03-01,2021-03,600519,stock,0.04,0.0,400.0,GREEN,False,False,尚无持仓成本，允许按计划定投,False,False,False,6,green,正常,
2021-03-01,2021-03,000858,stock,0.04,0.0,400.0,GREEN,False,False,尚无持仓成本，允许按计划定投,False,False,False,6,green,正常,
2021-03-01,2021-03,600036,stock,0.04,0.0,400.0,GREEN,False,False,尚无持仓成本，允许按计划定投,False,False,False,6,green,正常,
2021-03-01,2021-03,000333,stock,0.04,0.0,400.0,GREEN,False,False,尚无持仓成本，允许按计划定投,False,False,False,6,green,正常,
2021-03-01,2021-03,601318,stock,0.04,0.0,400.0,GREEN,False,False,尚无持仓成本，允许按计划定投,False,False,False,6,green,正常,
2021-04-01,2021-04,510300,etf,0.3,0.2785517199653086,0.0,YELLOW,True,True,相对参考高点回撤 12.90%，进入 YELLOW 区域；跌破长期均线且持续弱势,False,False,False,5,price_yellow,价格 YELLOW，暂停新增并人工复核,
2021-04-01,2021-04,510500,etf,0.2,0.19178601529271724,0.0,YELLOW,True,True,相对参考高点回撤 7.84%，进入 YELLOW 区域；跌破长期均线且持续弱势,False,False,False,5,price_yellow,价格 YELLOW，暂停新增并人工复核,
2021-04-01,2021-04,515180,etf,0.2,0.20768823605444472,8000.0,GREEN,False,False,ETF 风险状态正常,False,False,False,6,green,正常,
2021-04-01,2021-04,518880,etf,0.1,0.09932225711135333,0.0,YELLOW,True,True,相对参考高点回撤 18.57%，进入 YELLOW 区域；跌破长期均线且持续弱势,False,False,False,5,price_yellow,价格 YELLOW，暂停新增并人工复核,
2021-04-01,2021-04,600519,stock,0.04,0.0,400.0,GREEN,False,False,尚无持仓成本，允许按计划定投,False,False,False,6,green,正常,
2021-04-01,2021-04,000858,stock,0.04,0.0,400.0,GREEN,False,False,尚无持仓成本，允许按计划定投,False,False,False,6,green,正常,
2021-04-01,2021-04,600036,stock,0.04,0.0,400.0,GREEN,False,False,尚无持仓成本，允许按计划定投,False,False,False,6,green,正常,
2021-04-01,2021-04,000333,stock,0.04,0.0,400.0,GREEN,False,False,尚无持仓成本，允许按计划定投,False,False,False,6,green,正常,
2021-04-01,2021-04,601318,stock,0.04,0.0,400.0,GREEN,False,False,尚无持仓成本，允许按计划定投,False,False,False,6,green,正常,
2021-05-06,2021-05,510300,etf,0.3,0.26326111915642264,6108.6125359812795,GREEN,False,False,ETF 风险状态正常,False,False,False,6,green,正常,
2021-05-06,2021-05,510500,etf,0.2,0.18862467405481673,1891.3874640187205,GREEN,False,False,ETF 风险状态正常,False,False,False,6,green,正常,
2021-05-06,2021-05,515180,etf,0.2,0.2316078173721397,0.0,GREEN,False,False,ETF 风险状态正常,False,False,False,6,green,正常,
2021-05-06,2021-05,518880,etf,0.1,0.09785631238486762,0.0,YELLOW,True,True,相对参考高点回撤 16.03%，进入 YELLOW 区域；跌破长期均线且持续弱势,False,False,False,5,price_yellow,价格 YELLOW，暂停新增并人工复核,
2021-05-06,2021-05,600519,stock,0.04,0.0,400.0,GREEN,False,False,尚无持仓成本，允许按计划定投,False,False,False,6,green,正常,
2021-05-06,2021-05,000858,stock,0.04,0.0,400.0,GREEN,False,False,尚无持仓成本，允许按计划定投,False,False,False,6,green,正常,
2021-05-06,2021-05,600036,stock,0.04,0.0,400.0,GREEN,False,False,尚无持仓成本，允许按计划定投,False,False,False,6,green,正常,
2021-05-06,2021-05,000333,stock,0.04,0.0,400.0,GREEN,False,False,尚无持仓成本，允许按计划定投,False,False,False,6,green,正常,
2021-05-06,2021-05,601318,stock,0.04,0.0,400.0,GREEN,False,False,尚无持仓成本，允许按计划定投,False,False,False,6,green,正常,
2021-06-01,2021-06,510300,etf,0.3,0.27711768870397435,4658.33018674304,GREEN,False,False,ETF 风险状态正常,False,False,False,6,green,正常,
2021-06-01,2021-06,510500,etf,0.2,0.1881910337925961,2404.043151346019,GREEN,False,False,ETF 风险状态正常,False,False,False,6,green,正常,
2021-06-01,2021-06,515180,etf,0.2,0.23016896400448214,0.0,GREEN,False,False,ETF 风险状态正常,False,False,False,6,green,正常,
2021-06-01,2021-06,518880,etf,0.1,0.09539425839362833,937.626661910941,GREEN,False,False,ETF 风险状态正常,False,False,False,6,green,正常,
2021-06-01,2021-06,600519,stock,0.04,0.0,400.0,GREEN,False,False,尚无持仓成本，允许按计划定投,False,False,False,6,green,正常,
2021-06-01,2021-06,000858,stock,0.04,0.0,400.0,GREEN,False,False,尚无持仓成本，允许按计划定投,False,False,False,6,green,正常,
2021-06-01,2021-06,600036,stock,0.04,0.0,400.0,GREEN,False,False,尚无持仓成本，允许按计划定投,False,False,False,6,green,正常,
2021-06-01,2021-06,000333,stock,0.04,0.0,400.0,GREEN,False,False,尚无持仓成本，允许按计划定投,False,False,False,6,green,正常,
2021-06-01,2021-06,601318,stock,0.04,0.0,400.0,GREEN,False,False,尚无持仓成本，允许按计划定投,False,False,False,6,green,正常,
2021-07-01,2021-07,510300,etf,0.3,0.2794557053854383,5561.313003345153,GREEN,False,False,ETF 风险状态正常,False,False,False,6,green,正常,
2021-07-01,2021-07,510500,etf,0.2,0.1909911375062253,2438.6869966548466,GREEN,False,False,ETF 风险状态正常,False,False,False,6,green,正常,
2021-07-01,2021-07,515180,etf,0.2,0.22539926871075588,0.0,GREEN,False,False,ETF 风险状态正常,False,False,False,6,green,正常,
2021-07-01,2021-07,518880,etf,0.1,0.09044297311776042,0.0,YELLOW,True,True,相对参考高点回撤 17.11%，进入 YELLOW 区域；跌破长期均线且持续弱势,False,False,False,5,price_yellow,价格 YELLOW，暂停新增并人工复核,
2021-07-01,2021-07,600519,stock,0.04,0.0,400.0,GREEN,False,False,尚无持仓成本，允许按计划定投,False,False,False,6,green,正常,
2021-07-01,2021-07,000858,stock,0.04,0.0,400.0,GREEN,False,False,尚无持仓成本，允许按计划定投,False,False,False,6,green,正常,
2021-07-01,2021-07,600036,stock,0.04,0.0,400.0,GREEN,False,False,尚无持仓成本，允许按计划定投,False,False,False,6,green,正常,
2021-07-01,2021-07,000333,stock,0.04,0.0,400.0,GREEN,False,False,尚无持仓成本，允许按计划定投,False,False,False,6,green,正常,
2021-07-01,2021-07,601318,stock,0.04,0.0,400.0,GREEN,False,False,尚无持仓成本，允许按计划定投,False,False,False,6,green,正常,
2021-08-02,2021-08,510300,etf,0.3,0.2753186659246824,0.0,YELLOW,True,True,相对参考高点回撤 15.11%，进入 YELLOW 区域；跌破长期均线且持续弱势,False,False,False,5,price_yellow,价格 YELLOW，暂停新增并人工复核,
2021-08-02,2021-08,510500,etf,0.2,0.19946505448580293,8000.0,GREEN,False,False,ETF 风险状态正常,False,False,False,6,green,正常,
2021-08-02,2021-08,515180,etf,0.2,0.21512367448638636,0.0,GREEN,False,False,ETF 风险状态正常,False,False,False,6,green,正常,
2021-08-02,2021-08,518880,etf,0.1,0.09092424136104978,0.0,YELLOW,True,True,相对参考高点回撤 15.94%，进入 YELLOW 区域,False,False,False,5,price_yellow,价格 YELLOW，暂停新增并人工复核,
2021-08-02,2021-08,600519,stock,0.04,0.0,400.0,GREEN,False,False,尚无持仓成本，允许按计划定投,False,False,False,6,green,正常,
2021-08-02,2021-08,000858,stock,0.04,0.0,400.0,GREEN,False,False,尚无持仓成本，允许按计划定投,False,False,False,6,green,正常,
2021-08-02,2021-08,600036,stock,0.04,0.0,400.0,GREEN,False,False,尚无持仓成本，允许按计划定投,False,False,False,6,green,正常,
2021-08-02,2021-08,000333,stock,0.04,0.0,400.0,GREEN,False,False,尚无持仓成本，允许按计划定投,False,False,False,6,green,正常,
2021-08-02,2021-08,601318,stock,0.04,0.0,400.0,GREEN,False,False,尚无持仓成本，允许按计划定投,False,False,False,6,green,正常,
2021-09-01,2021-09,510300,etf,0.3,0.25630909582615097,0.0,YELLOW,True,True,相对参考高点回撤 15.92%，进入 YELLOW 区域；跌破长期均线且持续弱势,False,False,False,5,price_yellow,价格 YELLOW，暂停新增并人工复核,
2021-09-01,2021-09,510500,etf,0.2,0.2169899359395319,4000.0,GREEN,False,False,ETF 风险状态正常,False,False,False,6,green,正常,
2021-09-01,2021-09,515180,etf,0.2,0.22953051882485934,4000.0,GREEN,False,False,ETF 风险状态正常,False,False,False,6,green,正常,
2021-09-01,2021-09,518880,etf,0.1,0.08570073645686566,0.0,YELLOW,True,True,相对参考高点回撤 15.71%，进入 YELLOW 区域,False,False,False,5,price_yellow,价格 YELLOW，暂停新增并人工复核,
2021-09-01,2021-09,600519,stock,0.04,0.0,400.0,GREEN,False,False,尚无持仓成本，允许按计划定投,False,False,False,6,green,正常,
2021-09-01,2021-09,000858,stock,0.04,0.0,400.0,GREEN,False,False,尚无持仓成本，允许按计划定投,False,False,False,6,green,正常,
2021-09-01,2021-09,600036,stock,0.04,0.0,400.0,GREEN,False,False,尚无持仓成本，允许按计划定投,False,False,False,6,green,正常,
2021-09-01,2021-09,000333,stock,0.04,0.0,400.0,GREEN,False,False,尚无持仓成本，允许按计划定投,False,False,False,6,green,正常,
2021-09-01,2021-09,601318,stock,0.04,0.0,400.0,GREEN,False,False,尚无持仓成本，允许按计划定投,False,False,False,6,green,正常,
2021-10-08,2021-10,510300,etf,0.3,0.25527360296702295,0.0,YELLOW,True,True,相对参考高点回撤 14.87%，进入 YELLOW 区域；跌破长期均线且持续弱势,False,False,False,5,price_yellow,价格 YELLOW，暂停新增并人工复核,
2021-10-08,2021-10,510500,etf,0.2,0.21844370700772345,4000.0,GREEN,False,False,ETF 风险状态正常,False,False,False,6,green,正常,
2021-10-08,2021-10,515180,etf,0.2,0.22982067963960717,4000.0,GREEN,False,False,ETF 风险状态正常,False,False,False,6,green,正常,
2021-10-08,2021-10,518880,etf,0.1,0.08194093512919547,0.0,YELLOW,True,True,相对参考高点回撤 18.07%，进入 YELLOW 区域；跌破长期均线且持续弱势,False,False,False,5,price_yellow,价格 YELLOW，暂停新增并人工复核,
2021-10-08,2021-10,600519,stock,0.04,0.0,400.0,GREEN,False,False,尚无持仓成本，允许按计划定投,False,False,False,6,green,正常,
2021-10-08,2021-10,000858,stock,0.04,0.0,400.0,GREEN,False,False,尚无持仓成本，允许按计划定投,False,False,False,6,green,正常,
2021-10-08,2021-10,600036,stock,0.04,0.0,400.0,GREEN,False,False,尚无持仓成本，允许按计划定投,False,False,False,6,green,正常,
2021-10-08,2021-10,000333,stock,0.04,0.0,400.0,GREEN,False,False,尚无持仓成本，允许按计划定投,False,False,False,6,green,正常,
2021-10-08,2021-10,601318,stock,0.04,0.0,400.0,GREEN,False,False,尚无持仓成本，允许按计划定投,False,False,False,6,green,正常,
2021-11-01,2021-11,510300,etf,0.3,0.2511357273208608,0.0,YELLOW,True,True,相对参考高点回撤 15.63%，进入 YELLOW 区域；跌破长期均线且持续弱势,False,False,False,5,price_yellow,价格 YELLOW，暂停新增并人工复核,
2021-11-01,2021-11,510500,etf,0.2,0.22395967630823596,8000.0,GREEN,False,False,ETF 风险状态正常,False,False,False,6,green,正常,
2021-11-01,2021-11,515180,etf,0.2,0.2239015382356232,0.0,YELLOW,True,True,相对参考高点回撤 15.92%，进入 YELLOW 区域,False,False,False,5,price_yellow,价格 YELLOW，暂停新增并人工复核,
2021-11-01,2021-11,518880,etf,0.1,0.08149848090952873,0.0,YELLOW,True,True,相对参考高点回撤 17.91%，进入 YELLOW 区域；跌破长期均线且持续弱势,False,False,False,5,price_yellow,价格 YELLOW，暂停新增并人工复核,
2021-11-01,2021-11,600519,stock,0.04,0.0,400.0,GREEN,False,False,尚无持仓成本，允许按计划定投,False,False,False,6,green,正常,
2021-11-01,2021-11,000858,stock,0.04,0.0,400.0,GREEN,False,False,尚无持仓成本，允许按计划定投,False,False,False,6,green,正常,
2021-11-01,2021-11,600036,stock,0.04,0.0,400.0,GREEN,False,False,尚无持仓成本，允许按计划定投,False,False,False,6,green,正常,
2021-11-01,2021-11,000333,stock,0.04,0.0,400.0,GREEN,False,False,尚无持仓成本，允许按计划定投,False,False,False,6,green,正常,
2021-11-01,2021-11,601318,stock,0.04,0.0,400.0,GREEN,False,False,尚无持仓成本，允许按计划定投,False,False,False,6,green,正常,
2021-12-01,2021-12,510300,etf,0.3,0.24026567347901828,0.0,YELLOW,True,True,相对参考高点回撤 16.39%，进入 YELLOW 区域；跌破长期均线且持续弱势,False,False,False,5,price_yellow,价格 YELLOW，暂停新增并人工复核,
2021-12-01,2021-12,510500,etf,0.2,0.2412566446373656,4000.0,GREEN,False,False,ETF 风险状态正常,False,False,False,6,green,正常,
2021-12-01,2021-12,515180,etf,0.2,0.22179122291828943,4000.0,GREEN,False,False,ETF 风险状态正常,False,False,False,6,green,正常,
2021-12-01,2021-12,518880,etf,0.1,0.07861487153578657,0.0,YELLOW,True,True,相对参考高点回撤 17.98%，进入 YELLOW 区域,False,False,False,5,price_yellow,价格 YELLOW，暂停新增并人工复核,
2021-12-01,2021-12,600519,stock,0.04,0.0,400.0,GREEN,False,False,尚无持仓成本，允许按计划定投,False,False,False,6,green,正常,
2021-12-01,2021-12,000858,stock,0.04,0.0,400.0,GREEN,False,False,尚无持仓成本，允许按计划定投,False,False,False,6,green,正常,
2021-12-01,2021-12,600036,stock,0.04,0.0,400.0,GREEN,False,False,尚无持仓成本，允许按计划定投,False,False,False,6,green,正常,
2021-12-01,2021-12,000333,stock,0.04,0.0,400.0,GREEN,False,False,尚无持仓成本，允许按计划定投,False,False,False,6,green,正常,
2021-12-01,2021-12,601318,stock,0.04,0.0,400.0,GREEN,False,False,尚无持仓成本，允许按计划定投,False,False,False,6,green,正常,
2022-01-04,2022-01,510300,etf,0.3,0.23499766145370365,0.0,YELLOW,True,True,相对参考高点回撤 15.16%，进入 YELLOW 区域,False,False,False,5,price_yellow,价格 YELLOW，暂停新增并人工复核,
2022-01-04,2022-01,510500,etf,0.2,0.24274763472457433,4000.0,GREEN,False,False,ETF 风险状态正常,False,False,False,6,green,正常,
2022-01-04,2022-01,515180,etf,0.2,0.2299405687304444,4000.0,GREEN,False,False,ETF 风险状态正常,False,False,False,6,green,正常,
2022-01-04,2022-01,518880,etf,0.1,0.07639294645612436,0.0,YELLOW,True,True,相对参考高点回撤 17.31%，进入 YELLOW 区域,False,False,False,5,price_yellow,价格 YELLOW，暂停新增并人工复核,
2022-01-04,2022-01,600519,stock,0.04,0.0,400.0,GREEN,False,False,尚无持仓成本，允许按计划定投,False,False,False,6,green,正常,
2022-01-04,2022-01,000858,stock,0.04,0.0,400.0,GREEN,False,False,尚无持仓成本，允许按计划定投,False,False,False,6,green,正常,
2022-01-04,2022-01,600036,stock,0.04,0.0,400.0,GREEN,False,False,尚无持仓成本，允许按计划定投,False,False,False,6,green,正常,
2022-01-04,2022-01,000333,stock,0.04,0.0,400.0,GREEN,False,False,尚无持仓成本，允许按计划定投,False,False,False,6,green,正常,
2022-01-04,2022-01,601318,stock,0.04,0.0,400.0,GREEN,False,False,尚无持仓成本，允许按计划定投,False,False,False,6,green,正常,
2022-02-07,2022-02,510300,etf,0.3,0.2253553297466573,0.0,YELLOW,True,True,相对参考高点回撤 20.53%，进入 YELLOW 区域；跌破长期均线且持续弱势,False,False,False,5,price_yellow,价格 YELLOW，暂停新增并人工复核,
2022-02-07,2022-02,510500,etf,0.2,0.2315471097927469,4000.0,GREEN,False,False,ETF 风险状态正常,False,False,False,6,green,正常,
2022-02-07,2022-02,515180,etf,0.2,0.23790252087561237,4000.0,GREEN,False,False,ETF 风险状态正常,False,False,False,6,green,正常,
2022-02-07,2022-02,518880,etf,0.1,0.07820276572204612,0.0,YELLOW,True,True,相对参考高点回撤 17.31%，进入 YELLOW 区域,False,False,False,5,price_yellow,价格 YELLOW，暂停新增并人工复核,
2022-02-07,2022-02,600519,stock,0.04,0.0,400.0,GREEN,False,False,尚无持仓成本，允许按计划定投,False,False,False,6,green,正常,
2022-02-07,2022-02,000858,stock,0.04,0.0,400.0,GREEN,False,False,尚无持仓成本，允许按计划定投,False,False,False,6,green,正常,
2022-02-07,2022-02,600036,stock,0.04,0.0,400.0,GREEN,False,False,尚无持仓成本，允许按计划定投,False,False,False,6,green,正常,
2022-02-07,2022-02,000333,stock,0.04,0.0,400.0,GREEN,False,False,尚无持仓成本，允许按计划定投,False,False,False,6,green,正常,
2022-02-07,2022-02,601318,stock,0.04,0.0,400.0,GREEN,False,False,尚无持仓成本，允许按计划定投,False,False,False,6,green,正常,
2022-03-01,2022-03,510300,etf,0.3,0.21578601294263097,0.0,YELLOW,True,True,相对参考高点回撤 20.84%，进入 YELLOW 区域；跌破长期均线且持续弱势,False,False,False,5,price_yellow,价格 YELLOW，暂停新增并人工复核,
2022-03-01,2022-03,510500,etf,0.2,0.23824449648812562,0.0,YELLOW,True,True,相对参考高点回撤 10.45%，进入 YELLOW 区域；跌破长期均线且持续弱势,False,False,False,5,price_yellow,价格 YELLOW，暂停新增并人工复核,
2022-03-01,2022-03,515180,etf,0.2,0.24403658515059512,0.0,GREEN,False,False,ETF 风险状态正常,False,False,False,6,green,正常,
2022-03-01,2022-03,518880,etf,0.1,0.07862800127991655,8000.0,GREEN,False,False,ETF 风险状态正常,False,False,False,6,green,正常,
2022-03-01,2022-03,600519,stock,0.04,0.0,400.0,GREEN,False,False,尚无持仓成本，允许按计划定投,False,False,False,6,green,正常,
2022-03-01,2022-03,000858,stock,0.04,0.0,400.0,GREEN,False,False,尚无持仓成本，允许按计划定投,False,False,False,6,green,正常,
2022-03-01,2022-03,600036,stock,0.04,0.0,400.0,GREEN,False,False,尚无持仓成本，允许按计划定投,False,False,False,6,green,正常,
2022-03-01,2022-03,000333,stock,0.04,0.0,400.0,GREEN,False,False,尚无持仓成本，允许按计划定投,False,False,False,6,green,正常,
2022-03-01,2022-03,601318,stock,0.04,0.0,400.0,GREEN,False,False,尚无持仓成本，允许按计划定投,False,False,False,6,green,正常,
2022-04-01,2022-04,510300,etf,0.3,0.19990390064760177,0.0,RED,True,True,相对参考高点回撤 27.15%，超过 RED 阈值,False,False,False,4,price_red,价格 RED，强制人工复核,
2022-04-01,2022-04,510500,etf,0.2,0.2219222980753694,0.0,YELLOW,True,True,相对参考高点回撤 17.14%，进入 YELLOW 区域；跌破长期均线且持续弱势,False,False,False,5,price_yellow,价格 YELLOW，暂停新增并人工复核,
2022-04-01,2022-04,515180,etf,0.2,0.25030261364963347,0.0,GREEN,False,False,ETF 风险状态正常,False,False,False,6,green,正常,
2022-04-01,2022-04,518880,etf,0.1,0.0985469016298491,7999.999999999999,GREEN,False,False,ETF 风险状态正常,False,False,False,6,green,正常,
2022-04-01,2022-04,600519,stock,0.04,0.0,400.0,GREEN,False,False,尚无持仓成本，允许按计划定投,False,False,False,6,green,正常,
2022-04-01,2022-04,000858,stock,0.04,0.0,400.0,GREEN,False,False,尚无持仓成本，允许按计划定投,False,False,False,6,green,正常,
2022-04-01,2022-04,600036,stock,0.04,0.0,400.0,GREEN,False,False,尚无持仓成本，允许按计划定投,False,False,False,6,green,正常,
2022-04-01,2022-04,000333,stock,0.04,0.0,400.0,GREEN,False,False,尚无持仓成本，允许按计划定投,False,False,False,6,green,正常,
2022-04-01,2022-04,601318,stock,0.04,0.0,400.0,GREEN,False,False,尚无持仓成本，允许按计划定投,False,False,False,6,green,正常,
2022-05-05,2022-05,510300,etf,0.3,0.1920531777666735,0.0,RED,True,True,相对参考高点回撤 32.15%，超过 RED 阈值,False,False,False,4,price_red,价格 RED，强制人工复核,
2022-05-05,2022-05,510500,etf,0.2,0.20334297499771867,0.0,RED,True,True,相对参考高点回撤 26.39%，超过 RED 阈值,False,False,False,4,price_red,价格 RED，强制人工复核,
2022-05-05,2022-05,515180,etf,0.2,0.24116251112190515,0.0,YELLOW,True,True,相对参考高点回撤 15.16%，进入 YELLOW 区域,False,False,False,5,price_yellow,价格 YELLOW，暂停新增并人工复核,
2022-05-05,2022-05,518880,etf,0.1,0.1216733947965062,8000.0,GREEN,False,False,ETF 风险状态正常,False,False,False,6,green,正常,
2022-05-05,2022-05,600519,stock,0.04,0.0,400.0,GREEN,False,False,尚无持仓成本，允许按计划定投,False,False,False,6,green,正常,
2022-05-05,2022-05,000858,stock,0.04,0.0,400.0,GREEN,False,False,尚无持仓成本，允许按计划定投,False,False,False,6,green,正常,
2022-05-05,2022-05,600036,stock,0.04,0.0,400.0,GREEN,False,False,尚无持仓成本，允许按计划定投,False,False,False,6,green,正常,
2022-05-05,2022-05,000333,stock,0.04,0.0,400.0,GREEN,False,False,尚无持仓成本，允许按计划定投,False,False,False,6,green,正常,
2022-05-05,2022-05,601318,stock,0.04,0.0,400.0,GREEN,False,False,尚无持仓成本，允许按计划定投,False,False,False,6,green,正常,
2022-06-01,2022-06,510300,etf,0.3,0.1880274994433029,0.0,RED,True,True,相对参考高点回撤 30.61%，超过 RED 阈值,False,False,False,4,price_red,价格 RED，强制人工复核,
2022-06-01,2022-06,510500,etf,0.2,0.20767524450589905,0.0,YELLOW,True,True,相对参考高点回撤 21.46%，进入 YELLOW 区域；跌破长期均线且持续弱势,False,False,False,5,price_yellow,价格 YELLOW，暂停新增并人工复核,
2022-06-01,2022-06,515180,etf,0.2,0.23705627749876815,5333.333333333333,GREEN,False,False,ETF 风险状态正常,False,False,False,6,green,正常,
2022-06-01,2022-06,518880,etf,0.1,0.13111379851654337,2666.6666666666665,GREEN,False,False,ETF 风险状态正常,False,False,False,6,green,正常,
2022-06-01,2022-06,600519,stock,0.04,0.0,400.0,GREEN,False,False,尚无持仓成本，允许按计划定投,False,False,False,6,green,正常,
2022-06-01,2022-06,000858,stock,0.04,0.0,400.0,GREEN,False,False,尚无持仓成本，允许按计划定投,False,False,False,6,green,正常,
2022-06-01,2022-06,600036,stock,0.04,0.0,400.0,GREEN,False,False,尚无持仓成本，允许按计划定投,False,False,False,6,green,正常,
2022-06-01,2022-06,000333,stock,0.04,0.0,400.0,GREEN,False,False,尚无持仓成本，允许按计划定投,False,False,False,6,green,正常,
2022-06-01,2022-06,601318,stock,0.04,0.0,400.0,GREEN,False,False,尚无持仓成本，允许按计划定投,False,False,False,6,green,正常,
2022-07-01,2022-07,510300,etf,0.3,0.19617011074705007,0.0,YELLOW,True,True,相对参考高点回撤 23.00%，进入 YELLOW 区域,False,False,False,5,price_yellow,价格 YELLOW，暂停新增并人工复核,
2022-07-01,2022-07,510500,etf,0.2,0.21119503402437326,0.0,YELLOW,True,True,相对参考高点回撤 15.05%，进入 YELLOW 区域,False,False,False,5,price_yellow,价格 YELLOW，暂停新增并人工复核,
2022-07-01,2022-07,515180,etf,0.2,0.23987413583677136,5333.333333333333,GREEN,False,False,ETF 风险状态正常,False,False,False,6,green,正常,
2022-07-01,2022-07,518880,etf,0.1,0.12578559946550052,2666.6666666666665,GREEN,False,False,ETF 风险状态正常,False,False,False,6,green,正常,
2022-07-01,2022-07,600519,stock,0.04,0.0,400.0,GREEN,False,False,尚无持仓成本，允许按计划定投,False,False,False,6,green,正常,
2022-07-01,2022-07,000858,stock,0.04,0.0,400.0,GREEN,False,False,尚无持仓成本，允许按计划定投,False,False,False,6,green,正常,
2022-07-01,2022-07,600036,stock,0.04,0.0,400.0,GREEN,False,False,尚无持仓成本，允许按计划定投,False,False,False,6,green,正常,
2022-07-01,2022-07,000333,stock,0.04,0.0,400.0,GREEN,False,False,尚无持仓成本，允许按计划定投,False,False,False,6,green,正常,
2022-07-01,2022-07,601318,stock,0.04,0.0,400.0,GREEN,False,False,尚无持仓成本，允许按计划定投,False,False,False,6,green,正常,
2022-08-01,2022-08,510300,etf,0.3,0.18417796439174527,0.0,RED,True,True,相对参考高点回撤 27.73%，超过 RED 阈值,False,False,False,4,price_red,价格 RED，强制人工复核,
2022-08-01,2022-08,510500,etf,0.2,0.20897197012606575,0.0,YELLOW,True,True,相对参考高点回撤 15.98%，进入 YELLOW 区域,False,False,False,5,price_yellow,价格 YELLOW，暂停新增并人工复核,
2022-08-01,2022-08,515180,etf,0.2,0.24571251284414908,8000.0,GREEN,False,False,ETF 风险状态正常,False,False,False,6,green,正常,
2022-08-01,2022-08,518880,etf,0.1,0.12987792694244063,0.0,YELLOW,True,True,相对参考高点回撤 14.50%，进入 YELLOW 区域；跌破长期均线且持续弱势,False,False,False,5,price_yellow,价格 YELLOW，暂停新增并人工复核,
2022-08-01,2022-08,600519,stock,0.04,0.0,400.0,GREEN,False,False,尚无持仓成本，允许按计划定投,False,False,False,6,green,正常,
2022-08-01,2022-08,000858,stock,0.04,0.0,400.0,GREEN,False,False,尚无持仓成本，允许按计划定投,False,False,False,6,green,正常,
2022-08-01,2022-08,600036,stock,0.04,0.0,400.0,GREEN,False,False,尚无持仓成本，允许按计划定投,False,False,False,6,green,正常,
2022-08-01,2022-08,000333,stock,0.04,0.0,400.0,GREEN,False,False,尚无持仓成本，允许按计划定投,False,False,False,6,green,正常,
2022-08-01,2022-08,601318,stock,0.04,0.0,400.0,GREEN,False,False,尚无持仓成本，允许按计划定投,False,False,False,6,green,正常,
2022-09-01,2022-09,510300,etf,0.3,0.17536092519111882,0.0,RED,True,True,相对参考高点回撤 30.16%，超过 RED 阈值,False,False,False,4,price_red,价格 RED，强制人工复核,
2022-09-01,2022-09,510500,etf,0.2,0.1991384052771622,0.0,YELLOW,True,True,相对参考高点回撤 18.73%，进入 YELLOW 区域,False,False,False,5,price_yellow,价格 YELLOW，暂停新增并人工复核,
2022-09-01,2022-09,515180,etf,0.2,0.2658658576723731,8000.0,GREEN,False,False,ETF 风险状态正常,False,False,False,6,green,正常,
2022-09-01,2022-09,518880,etf,0.1,0.12752086236332702,0.0,YELLOW,True,True,相对参考高点回撤 14.80%，进入 YELLOW 区域；跌破长期均线且持续弱势,False,False,False,5,price_yellow,价格 YELLOW，暂停新增并人工复核,
2022-09-01,2022-09,600519,stock,0.04,0.0,400.0,GREEN,False,False,尚无持仓成本，允许按计划定投,False,False,False,6,green,正常,
2022-09-01,2022-09,000858,stock,0.04,0.0,400.0,GREEN,False,False,尚无持仓成本，允许按计划定投,False,False,False,6,green,正常,
2022-09-01,2022-09,600036,stock,0.04,0.0,400.0,GREEN,False,False,尚无持仓成本，允许按计划定投,False,False,False,6,green,正常,
2022-09-01,2022-09,000333,stock,0.04,0.0,400.0,GREEN,False,False,尚无持仓成本，允许按计划定投,False,False,False,6,green,正常,
2022-09-01,2022-09,601318,stock,0.04,0.0,400.0,GREEN,False,False,尚无持仓成本，允许按计划定投,False,False,False,6,green,正常,
2022-10-10,2022-10,510300,etf,0.3,0.1638787128057982,0.0,RED,True,True,相对参考高点回撤 36.06%，超过 RED 阈值,False,False,False,4,price_red,价格 RED，强制人工复核,
2022-10-10,2022-10,510500,etf,0.2,0.18644995940372772,0.0,RED,True,True,相对参考高点回撤 25.46%，超过 RED 阈值,False,False,False,4,price_red,价格 RED，强制人工复核,
2022-10-10,2022-10,515180,etf,0.2,0.2754657195448284,5333.333333333333,GREEN,False,False,ETF 风险状态正常,False,False,False,6,green,正常,
2022-10-10,2022-10,518880,etf,0.1,0.1329633941890789,2666.6666666666665,GREEN,False,False,ETF 风险状态正常,False,False,False,6,green,正常,
2022-10-10,2022-10,600519,stock,0.04,0.0,400.0,GREEN,False,False,尚无持仓成本，允许按计划定投,False,False,False,6,green,正常,
2022-10-10,2022-10,000858,stock,0.04,0.0,400.0,GREEN,False,False,尚无持仓成本，允许按计划定投,False,False,False,6,green,正常,
2022-10-10,2022-10,600036,stock,0.04,0.0,400.0,GREEN,False,False,尚无持仓成本，允许按计划定投,False,False,False,6,green,正常,
2022-10-10,2022-10,000333,stock,0.04,0.0,400.0,GREEN,False,False,尚无持仓成本，允许按计划定投,False,False,False,6,green,正常,
2022-10-10,2022-10,601318,stock,0.04,0.0,400.0,GREEN,False,False,尚无持仓成本，允许按计划定投,False,False,False,6,green,正常,
2022-11-01,2022-11,510300,etf,0.3,0.15788822496531071,0.0,RED,True,True,相对参考高点回撤 37.66%，超过 RED 阈值,False,False,False,4,price_red,价格 RED，强制人工复核,
2022-11-01,2022-11,510500,etf,0.2,0.19486437131517567,0.0,YELLOW,True,True,相对参考高点回撤 21.16%，进入 YELLOW 区域；跌破长期均线且持续弱势,False,False,False,5,price_yellow,价格 YELLOW，暂停新增并人工复核,
2022-11-01,2022-11,515180,etf,0.2,0.26791413593720975,0.0,YELLOW,True,True,相对参考高点回撤 18.37%，进入 YELLOW 区域,False,False,False,5,price_yellow,价格 YELLOW，暂停新增并人工复核,
2022-11-01,2022-11,518880,etf,0.1,0.1360750429446577,8000.0,GREEN,False,False,ETF 风险状态正常,False,False,False,6,green,正常,
2022-11-01,2022-11,600519,stock,0.04,0.0,400.0,GREEN,False,False,尚无持仓成本，允许按计划定投,False,False,False,6,green,正常,
2022-11-01,2022-11,000858,stock,0.04,0.0,400.0,GREEN,False,False,尚无持仓成本，允许按计划定投,False,False,False,6,green,正常,
2022-11-01,2022-11,600036,stock,0.04,0.0,400.0,GREEN,False,False,尚无持仓成本，允许按计划定投,False,False,False,6,green,正常,
2022-11-01,2022-11,000333,stock,0.04,0.0,400.0,GREEN,False,False,尚无持仓成本，允许按计划定投,False,False,False,6,green,正常,
2022-11-01,2022-11,601318,stock,0.04,0.0,400.0,GREEN,False,False,尚无持仓成本，允许按计划定投,False,False,False,6,green,正常,
2022-12-01,2022-12,510300,etf,0.3,0.15739237320072674,0.0,RED,True,True,相对参考高点回撤 32.96%，超过 RED 阈值,False,False,False,4,price_red,价格 RED，强制人工复核,
2022-12-01,2022-12,510500,etf,0.2,0.18794272247573324,0.0,YELLOW,True,True,相对参考高点回撤 17.98%，进入 YELLOW 区域,False,False,False,5,price_yellow,价格 YELLOW，暂停新增并人工复核,
2022-12-01,2022-12,515180,etf,0.2,0.278610576975824,5333.333333333333,GREEN,False,False,ETF 风险状态正常,False,False,False,6,green,正常,
2022-12-01,2022-12,518880,etf,0.1,0.14603551033928938,2666.6666666666665,GREEN,False,False,ETF 风险状态正常,False,False,False,6,green,正常,
2022-12-01,2022-12,600519,stock,0.04,0.0,400.0,GREEN,False,False,尚无持仓成本，允许按计划定投,False,False,False,6,green,正常,
2022-12-01,2022-12,000858,stock,0.04,0.0,400.0,GREEN,False,False,尚无持仓成本，允许按计划定投,False,False,False,6,green,正常,
2022-12-01,2022-12,600036,stock,0.04,0.0,400.0,GREEN,False,False,尚无持仓成本，允许按计划定投,False,False,False,6,green,正常,
2022-12-01,2022-12,000333,stock,0.04,0.0,400.0,GREEN,False,False,尚无持仓成本，允许按计划定投,False,False,False,6,green,正常,
2022-12-01,2022-12,601318,stock,0.04,0.0,400.0,GREEN,False,False,尚无持仓成本，允许按计划定投,False,False,False,6,green,正常,
2023-01-03,2023-01,510300,etf,0.3,0.1571418625297415,0.0,RED,True,True,相对参考高点回撤 33.09%，超过 RED 阈值,False,False,False,4,price_red,价格 RED，强制人工复核,
2023-01-03,2023-01,510500,etf,0.2,0.18105638917447203,0.0,YELLOW,True,True,相对参考高点回撤 21.01%，进入 YELLOW 区域；跌破长期均线且持续弱势,False,False,False,5,price_yellow,价格 YELLOW，暂停新增并人工复核,
2023-01-03,2023-01,515180,etf,0.2,0.2755594565709989,0.0,YELLOW,True,True,相对参考高点回撤 12.64%，进入 YELLOW 区域；跌破长期均线且持续弱势,False,False,False,5,price_yellow,价格 YELLOW，暂停新增并人工复核,
2023-01-03,2023-01,518880,etf,0.1,0.15178448319742213,8000.0,GREEN,False,False,ETF 风险状态正常,False,False,False,6,green,正常,
2023-01-03,2023-01,600519,stock,0.04,0.0,400.0,GREEN,False,False,尚无持仓成本，允许按计划定投,False,False,False,6,green,正常,
2023-01-03,2023-01,000858,stock,0.04,0.0,400.0,GREEN,False,False,尚无持仓成本，允许按计划定投,False,False,False,6,green,正常,
2023-01-03,2023-01,600036,stock,0.04,0.0,400.0,GREEN,False,False,尚无持仓成本，允许按计划定投,False,False,False,6,green,正常,
2023-01-03,2023-01,000333,stock,0.04,0.0,400.0,GREEN,False,False,尚无持仓成本，允许按计划定投,False,False,False,6,green,正常,
2023-01-03,2023-01,601318,stock,0.04,0.0,400.0,GREEN,False,False,尚无持仓成本，允许按计划定投,False,False,False,6,green,正常,
2023-02-01,2023-02,510300,etf,0.3,0.16069498334670346,0.0,RED,True,True,相对参考高点回撤 27.43%，超过 RED 阈值,False,False,False,4,price_red,价格 RED，强制人工复核,
2023-02-01,2023-02,510500,etf,0.2,0.18277329207397477,0.0,YELLOW,True,True,相对参考高点回撤 15.43%，进入 YELLOW 区域,False,False,False,5,price_yellow,价格 YELLOW，暂停新增并人工复核,
2023-02-01,2023-02,515180,etf,0.2,0.27033167926312096,5333.333333333333,GREEN,False,False,ETF 风险状态正常,False,False,False,6,green,正常,
2023-02-01,2023-02,518880,etf,0.1,0.16152592603413043,2666.6666666666665,GREEN,False,False,ETF 风险状态正常,False,False,False,6,green,正常,
2023-02-01,2023-02,600519,stock,0.04,0.0,400.0,GREEN,False,False,尚无持仓成本，允许按计划定投,False,False,False,6,green,正常,
2023-02-01,2023-02,000858,stock,0.04,0.0,400.0,GREEN,False,False,尚无持仓成本，允许按计划定投,False,False,False,6,green,正常,
2023-02-01,2023-02,600036,stock,0.04,0.0,400.0,GREEN,False,False,尚无持仓成本，允许按计划定投,False,False,False,6,green,正常,
2023-02-01,2023-02,000333,stock,0.04,0.0,400.0,GREEN,False,False,尚无持仓成本，允许按计划定投,False,False,False,6,green,正常,
2023-02-01,2023-02,601318,stock,0.04,0.0,400.0,GREEN,False,False,尚无持仓成本，允许按计划定投,False,False,False,6,green,正常,
2023-03-01,2023-03,510300,etf,0.3,0.1541608187748258,0.0,RED,True,True,相对参考高点回撤 28.73%，超过 RED 阈值,False,False,False,4,price_red,价格 RED，强制人工复核,
2023-03-01,2023-03,510500,etf,0.2,0.17958536265177935,7999.999999999999,GREEN,False,False,ETF 风险状态正常,False,False,False,6,green,正常,
2023-03-01,2023-03,515180,etf,0.2,0.2832154570811941,0.0,GREEN,False,False,ETF 风险状态正常,False,False,False,6,green,正常,
2023-03-01,2023-03,518880,etf,0.1,0.15962944661878264,0.0,GREEN,False,False,ETF 风险状态正常,False,False,False,6,green,正常,
2023-03-01,2023-03,600519,stock,0.04,0.0,400.0,GREEN,False,False,尚无持仓成本，允许按计划定投,False,False,False,6,green,正常,
2023-03-01,2023-03,000858,stock,0.04,0.0,400.0,GREEN,False,False,尚无持仓成本，允许按计划定投,False,False,False,6,green,正常,
2023-03-01,2023-03,600036,stock,0.04,0.0,400.0,GREEN,False,False,尚无持仓成本，允许按计划定投,False,False,False,6,green,正常,
2023-03-01,2023-03,000333,stock,0.04,0.0,400.0,GREEN,False,False,尚无持仓成本，允许按计划定投,False,False,False,6,green,正常,
2023-03-01,2023-03,601318,stock,0.04,0.0,400.0,GREEN,False,False,尚无持仓成本，允许按计划定投,False,False,False,6,green,正常,
2023-04-03,2023-04,510300,etf,0.3,0.149699211722076,0.0,RED,True,True,相对参考高点回撤 29.47%，超过 RED 阈值,False,False,False,4,price_red,价格 RED，强制人工复核,
2023-04-03,2023-04,510500,etf,0.2,0.1893301082990256,7999.999999999999,GREEN,False,False,ETF 风险状态正常,False,False,False,6,green,正常,
2023-04-03,2023-04,515180,etf,0.2,0.2731907396820288,0.0,GREEN,False,False,ETF 风险状态正常,False,False,False,6,green,正常,
2023-04-03,2023-04,518880,etf,0.1,0.16410591154381468,0.0,GREEN,False,False,ETF 风险状态正常,False,False,False,6,green,正常,
2023-04-03,2023-04,600519,stock,0.04,0.0,400.0,GREEN,False,False,尚无持仓成本，允许按计划定投,False,False,False,6,green,正常,
2023-04-03,2023-04,000858,stock,0.04,0.0,400.0,GREEN,False,False,尚无持仓成本，允许按计划定投,False,False,False,6,green,正常,
2023-04-03,2023-04,600036,stock,0.04,0.0,400.0,GREEN,False,False,尚无持仓成本，允许按计划定投,False,False,False,6,green,正常,
2023-04-03,2023-04,000333,stock,0.04,0.0,400.0,GREEN,False,False,尚无持仓成本，允许按计划定投,False,False,False,6,green,正常,
2023-04-03,2023-04,601318,stock,0.04,0.0,400.0,GREEN,False,False,尚无持仓成本，允许按计划定投,False,False,False,6,green,正常,
2023-05-04,2023-05,510300,etf,0.3,0.1422097877739256,0.0,RED,True,True,相对参考高点回撤 30.49%，超过 RED 阈值,False,False,False,4,price_red,价格 RED，强制人工复核,
2023-05-04,2023-05,510500,etf,0.2,0.1902343301753172,0.0,YELLOW,True,True,相对参考高点回撤 16.76%，进入 YELLOW 区域,False,False,False,5,price_yellow,价格 YELLOW，暂停新增并人工复核,
2023-05-04,2023-05,515180,etf,0.2,0.2829827278020229,5333.333333333333,GREEN,False,False,ETF 风险状态正常,False,False,False,6,green,正常,
2023-05-04,2023-05,518880,etf,0.1,0.16470603121741018,2666.6666666666665,GREEN,False,False,ETF 风险状态正常,False,False,False,6,green,正常,
2023-05-04,2023-05,600519,stock,0.04,0.0,400.0,GREEN,False,False,尚无持仓成本，允许按计划定投,False,False,False,6,green,正常,
2023-05-04,2023-05,000858,stock,0.04,0.0,400.0,GREEN,False,False,尚无持仓成本，允许按计划定投,False,False,False,6,green,正常,
2023-05-04,2023-05,600036,stock,0.04,0.0,400.0,GREEN,False,False,尚无持仓成本，允许按计划定投,False,False,False,6,green,正常,
2023-05-04,2023-05,000333,stock,0.04,0.0,400.0,GREEN,False,False,尚无持仓成本，允许按计划定投,False,False,False,6,green,正常,
2023-05-04,2023-05,601318,stock,0.04,0.0,400.0,GREEN,False,False,尚无持仓成本，允许按计划定投,False,False,False,6,green,正常,
2023-06-01,2023-06,510300,etf,0.3,0.1362190685711317,0.0,RED,True,True,相对参考高点回撤 34.48%，超过 RED 阈值,False,False,False,4,price_red,价格 RED，强制人工复核,
2023-06-01,2023-06,510500,etf,0.2,0.1876839494206305,0.0,YELLOW,True,True,相对参考高点回撤 19.19%，进入 YELLOW 区域；跌破长期均线且持续弱势,False,False,False,5,price_yellow,价格 YELLOW，暂停新增并人工复核,
2023-06-01,2023-06,515180,etf,0.2,0.27869999815653074,5333.333333333333,GREEN,False,False,ETF 风险状态正常,False,False,False,6,green,正常,
2023-06-01,2023-06,518880,etf,0.1,0.170530224883269,2666.6666666666665,GREEN,False,False,ETF 风险状态正常,False,False,False,6,green,正常,
2023-06-01,2023-06,600519,stock,0.04,0.0,400.0,GREEN,False,False,尚无持仓成本，允许按计划定投,False,False,False,6,green,正常,
2023-06-01,2023-06,000858,stock,0.04,0.0,400.0,GREEN,False,False,尚无持仓成本，允许按计划定投,False,False,False,6,green,正常,
2023-06-01,2023-06,600036,stock,0.04,0.0,400.0,GREEN,False,False,尚无持仓成本，允许按计划定投,False,False,False,6,green,正常,
2023-06-01,2023-06,000333,stock,0.04,0.0,400.0,GREEN,False,False,尚无持仓成本，允许按计划定投,False,False,False,6,green,正常,
2023-06-01,2023-06,601318,stock,0.04,0.0,400.0,GREEN,False,False,尚无持仓成本，允许按计划定投,False,False,False,6,green,正常,
2023-07-03,2023-07,510300,etf,0.3,0.13754462304196252,0.0,RED,True,True,相对参考高点回撤 32.31%，超过 RED 阈值,False,False,False,4,price_red,价格 RED，强制人工复核,
2023-07-03,2023-07,510500,etf,0.2,0.1841190124275051,0.0,YELLOW,True,True,相对参考高点回撤 18.89%，进入 YELLOW 区域；跌破长期均线且持续弱势,False,False,False,5,price_yellow,价格 YELLOW，暂停新增并人工复核,
2023-07-03,2023-07,515180,etf,0.2,0.2822416527806889,5333.333333333333,GREEN,False,False,ETF 风险状态正常,False,False,False,6,green,正常,
2023-07-03,2023-07,518880,etf,0.1,0.17081914931290743,2666.6666666666665,GREEN,False,False,ETF 风险状态正常,False,False,False,6,green,正常,
2023-07-03,2023-07,600519,stock,0.04,0.0,400.0,GREEN,False,False,尚无持仓成本，允许按计划定投,False,False,False,6,green,正常,
2023-07-03,2023-07,000858,stock,0.04,0.0,400.0,GREEN,False,False,尚无持仓成本，允许按计划定投,False,False,False,6,green,正常,
2023-07-03,2023-07,600036,stock,0.04,0.0,400.0,GREEN,False,False,尚无持仓成本，允许按计划定投,False,False,False,6,green,正常,
2023-07-03,2023-07,000333,stock,0.04,0.0,400.0,GREEN,False,False,尚无持仓成本，允许按计划定投,False,False,False,6,green,正常,
2023-07-03,2023-07,601318,stock,0.04,0.0,400.0,GREEN,False,False,尚无持仓成本，允许按计划定投,False,False,False,6,green,正常,
2023-08-01,2023-08,510300,etf,0.3,0.1366595462307093,0.0,RED,True,True,相对参考高点回撤 29.73%，超过 RED 阈值,False,False,False,4,price_red,价格 RED，强制人工复核,
2023-08-01,2023-08,510500,etf,0.2,0.17852399839611238,0.0,YELLOW,True,True,相对参考高点回撤 17.82%，进入 YELLOW 区域；跌破长期均线且持续弱势,False,False,False,5,price_yellow,价格 YELLOW，暂停新增并人工复核,
2023-08-01,2023-08,515180,etf,0.2,0.2956179234639007,5333.333333333333,GREEN,False,False,ETF 风险状态正常,False,False,False,6,green,正常,
2023-08-01,2023-08,518880,etf,0.1,0.1702256959039822,2666.6666666666665,GREEN,False,False,ETF 风险状态正常,False,False,False,6,green,正常,
2023-08-01,2023-08,600519,stock,0.04,0.0,400.0,GREEN,False,False,尚无持仓成本，允许按计划定投,False,False,False,6,green,正常,
2023-08-01,2023-08,000858,stock,0.04,0.0,400.0,GREEN,False,False,尚无持仓成本，允许按计划定投,False,False,False,6,green,正常,
2023-08-01,2023-08,600036,stock,0.04,0.0,400.0,GREEN,False,False,尚无持仓成本，允许按计划定投,False,False,False,6,green,正常,
2023-08-01,2023-08,000333,stock,0.04,0.0,400.0,GREEN,False,False,尚无持仓成本，允许按计划定投,False,False,False,6,green,正常,
2023-08-01,2023-08,601318,stock,0.04,0.0,400.0,GREEN,False,False,尚无持仓成本，允许按计划定投,False,False,False,6,green,正常,
2023-09-01,2023-09,510300,etf,0.3,0.13048090935106607,0.0,RED,True,True,相对参考高点回撤 33.52%，超过 RED 阈值,False,False,False,4,price_red,价格 RED，强制人工复核,
2023-09-01,2023-09,510500,etf,0.2,0.16961223392905178,0.0,YELLOW,True,True,相对参考高点回撤 22.64%，进入 YELLOW 区域；跌破长期均线且持续弱势,False,False,False,5,price_yellow,价格 YELLOW，暂停新增并人工复核,
2023-09-01,2023-09,515180,etf,0.2,0.29703233504469867,5333.333333333333,GREEN,False,False,ETF 风险状态正常,False,False,False,6,green,正常,
2023-09-01,2023-09,518880,etf,0.1,0.1785153332397479,2666.6666666666665,GREEN,False,False,ETF 风险状态正常,False,False,False,6,green,正常,
2023-09-01,2023-09,600519,stock,0.04,0.0,400.0,GREEN,False,False,尚无持仓成本，允许按计划定投,False,False,False,6,green,正常,
2023-09-01,2023-09,000858,stock,0.04,0.0,400.0,GREEN,False,False,尚无持仓成本，允许按计划定投,False,False,False,6,green,正常,
2023-09-01,2023-09,600036,stock,0.04,0.0,400.0,GREEN,False,False,尚无持仓成本，允许按计划定投,False,False,False,6,green,正常,
2023-09-01,2023-09,000333,stock,0.04,0.0,400.0,GREEN,False,False,尚无持仓成本，允许按计划定投,False,False,False,6,green,正常,
2023-09-01,2023-09,601318,stock,0.04,0.0,400.0,GREEN,False,False,尚无持仓成本，允许按计划定投,False,False,False,6,green,正常,
2023-10-09,2023-10,510300,etf,0.3,0.12558814125836856,0.0,RED,True,True,相对参考高点回撤 35.52%，超过 RED 阈值,False,False,False,4,price_red,价格 RED，强制人工复核,
2023-10-09,2023-10,510500,etf,0.2,0.16556785220688297,0.0,YELLOW,True,True,相对参考高点回撤 23.90%，进入 YELLOW 区域；跌破长期均线且持续弱势,False,False,False,5,price_yellow,价格 YELLOW，暂停新增并人工复核,
2023-10-09,2023-10,515180,etf,0.2,0.304961207686735,5333.333333333333,GREEN,False,False,ETF 风险状态正常,False,False,False,6,green,正常,
2023-10-09,2023-10,518880,etf,0.1,0.1773247799272373,2666.6666666666665,GREEN,False,False,ETF 风险状态正常,False,False,False,6,green,正常,
2023-10-09,2023-10,600519,stock,0.04,0.0,400.0,GREEN,False,False,尚无持仓成本，允许按计划定投,False,False,False,6,green,正常,
2023-10-09,2023-10,000858,stock,0.04,0.0,400.0,GREEN,False,False,尚无持仓成本，允许按计划定投,False,False,False,6,green,正常,
2023-10-09,2023-10,600036,stock,0.04,0.0,400.0,GREEN,False,False,尚无持仓成本，允许按计划定投,False,False,False,6,green,正常,
2023-10-09,2023-10,000333,stock,0.04,0.0,400.0,GREEN,False,False,尚无持仓成本，允许按计划定投,False,False,False,6,green,正常,
2023-10-09,2023-10,601318,stock,0.04,0.0,400.0,GREEN,False,False,尚无持仓成本，允许按计划定投,False,False,False,6,green,正常,
2023-11-01,2023-11,510300,etf,0.3,0.1209417168535212,0.0,RED,True,True,相对参考高点回撤 37.60%，超过 RED 阈值,False,False,False,4,price_red,价格 RED，强制人工复核,
2023-11-01,2023-11,510500,etf,0.2,0.1604260932443759,0.0,RED,True,True,相对参考高点回撤 25.90%，超过 RED 阈值,False,False,False,4,price_red,价格 RED，强制人工复核,
2023-11-01,2023-11,515180,etf,0.2,0.30126331615575436,0.0,YELLOW,True,True,相对参考高点回撤 8.31%，进入 YELLOW 区域；跌破长期均线且持续弱势,False,False,False,5,price_yellow,价格 YELLOW，暂停新增并人工复核,
2023-11-01,2023-11,518880,etf,0.1,0.1887228212290899,8000.0,GREEN,False,False,ETF 风险状态正常,False,False,False,6,green,正常,
2023-11-01,2023-11,600519,stock,0.04,0.0,400.0,GREEN,False,False,尚无持仓成本，允许按计划定投,False,False,False,6,green,正常,
2023-11-01,2023-11,000858,stock,0.04,0.0,400.0,GREEN,False,False,尚无持仓成本，允许按计划定投,False,False,False,6,green,正常,
2023-11-01,2023-11,600036,stock,0.04,0.0,400.0,GREEN,False,False,尚无持仓成本，允许按计划定投,False,False,False,6,green,正常,
2023-11-01,2023-11,000333,stock,0.04,0.0,400.0,GREEN,False,False,尚无持仓成本，允许按计划定投,False,False,False,6,green,正常,
2023-11-01,2023-11,601318,stock,0.04,0.0,400.0,GREEN,False,False,尚无持仓成本，允许按计划定投,False,False,False,6,green,正常,
2023-12-01,2023-12,510300,etf,0.3,0.11575513630080031,0.0,RED,True,True,相对参考高点回撤 39.35%，超过 RED 阈值,False,False,False,4,price_red,价格 RED，强制人工复核,
2023-12-01,2023-12,510500,etf,0.2,0.1594028280937191,0.0,RED,True,True,相对参考高点回撤 25.23%，超过 RED 阈值,False,False,False,4,price_red,价格 RED，强制人工复核,
2023-12-01,2023-12,515180,etf,0.2,0.29903188508871426,0.0,YELLOW,True,True,相对参考高点回撤 7.57%，进入 YELLOW 区域；跌破长期均线且持续弱势,False,False,False,5,price_yellow,价格 YELLOW，暂停新增并人工复核,
2023-12-01,2023-12,518880,etf,0.1,0.19732658236098571,8000.0,GREEN,False,False,ETF 风险状态正常,False,False,False,6,green,正常,
2023-12-01,2023-12,600519,stock,0.04,0.0,400.0,GREEN,False,False,尚无持仓成本，允许按计划定投,False,False,False,6,green,正常,
2023-12-01,2023-12,000858,stock,0.04,0.0,400.0,GREEN,False,False,尚无持仓成本，允许按计划定投,False,False,False,6,green,正常,
2023-12-01,2023-12,600036,stock,0.04,0.0,400.0,GREEN,False,False,尚无持仓成本，允许按计划定投,False,False,False,6,green,正常,
2023-12-01,2023-12,000333,stock,0.04,0.0,400.0,GREEN,False,False,尚无持仓成本，允许按计划定投,False,False,False,6,green,正常,
2023-12-01,2023-12,601318,stock,0.04,0.0,400.0,GREEN,False,False,尚无持仓成本，允许按计划定投,False,False,False,6,green,正常,
2024-01-02,2024-01,510300,etf,0.3,0.11158297306430293,0.0,RED,True,True,相对参考高点回撤 41.11%，超过 RED 阈值,False,False,False,4,price_red,价格 RED，强制人工复核,
2024-01-02,2024-01,510500,etf,0.2,0.1533853749441834,0.0,RED,True,True,相对参考高点回撤 27.53%，超过 RED 阈值,False,False,False,4,price_red,价格 RED，强制人工复核,
2024-01-02,2024-01,515180,etf,0.2,0.2934505177941581,0.0,YELLOW,True,True,相对参考高点回撤 8.63%，进入 YELLOW 区域；跌破长期均线且持续弱势,False,False,False,5,price_yellow,价格 YELLOW，暂停新增并人工复核,
2024-01-02,2024-01,518880,etf,0.1,0.21137767893377263,8000.0,GREEN,False,False,ETF 风险状态正常,False,False,False,6,green,正常,
2024-01-02,2024-01,600519,stock,0.04,0.0,400.0,GREEN,False,False,尚无持仓成本，允许按计划定投,False,False,False,6,green,正常,
2024-01-02,2024-01,000858,stock,0.04,0.0,400.0,GREEN,False,False,尚无持仓成本，允许按计划定投,False,False,False,6,green,正常,
2024-01-02,2024-01,600036,stock,0.04,0.0,400.0,GREEN,False,False,尚无持仓成本，允许按计划定投,False,False,False,6,green,正常,
2024-01-02,2024-01,000333,stock,0.04,0.0,400.0,GREEN,False,False,尚无持仓成本，允许按计划定投,False,False,False,6,green,正常,
2024-01-02,2024-01,601318,stock,0.04,0.0,400.0,GREEN,False,False,尚无持仓成本，允许按计划定投,False,False,False,6,green,正常,
2024-02-01,2024-02,510300,etf,0.3,0.10680378021183325,0.0,RED,True,True,相对参考高点回撤 44.19%，超过 RED 阈值,False,False,False,4,price_red,价格 RED，强制人工复核,
2024-02-01,2024-02,510500,etf,0.2,0.13334904151902274,0.0,RED,True,True,相对参考高点回撤 37.62%，超过 RED 阈值,False,False,False,4,price_red,价格 RED，强制人工复核,
2024-02-01,2024-02,515180,etf,0.2,0.2982551589176156,5333.333333333333,GREEN,False,False,ETF 风险状态正常,False,False,False,6,green,正常,
2024-02-01,2024-02,518880,etf,0.1,0.22589319878216813,2666.6666666666665,GREEN,False,False,ETF 风险状态正常,False,False,False,6,green,正常,
2024-02-01,2024-02,600519,stock,0.04,0.0,400.0,GREEN,False,False,尚无持仓成本，允许按计划定投,False,False,False,6,green,正常,
2024-02-01,2024-02,000858,stock,0.04,0.0,400.0,GREEN,False,False,尚无持仓成本，允许按计划定投,False,False,False,6,green,正常,
2024-02-01,2024-02,600036,stock,0.04,0.0,400.0,GREEN,False,False,尚无持仓成本，允许按计划定投,False,False,False,6,green,正常,
2024-02-01,2024-02,000333,stock,0.04,0.0,400.0,GREEN,False,False,尚无持仓成本，允许按计划定投,False,False,False,6,green,正常,
2024-02-01,2024-02,601318,stock,0.04,0.0,400.0,GREEN,False,False,尚无持仓成本，允许按计划定投,False,False,False,6,green,正常,
2024-03-01,2024-03,510300,etf,0.3,0.11000817982421,0.0,RED,True,True,相对参考高点回撤 38.40%，超过 RED 阈值,False,False,False,4,price_red,价格 RED，强制人工复核,
2024-03-01,2024-03,510500,etf,0.2,0.14374354303700368,0.0,RED,True,True,相对参考高点回撤 27.94%，超过 RED 阈值,False,False,False,4,price_red,价格 RED，强制人工复核,
2024-03-01,2024-03,515180,etf,0.2,0.3086924899454123,5333.333333333333,GREEN,False,False,ETF 风险状态正常,False,False,False,6,green,正常,
2024-03-01,2024-03,518880,etf,0.1,0.21413088273148698,2666.6666666666665,GREEN,False,False,ETF 风险状态正常,False,False,False,6,green,正常,
2024-03-01,2024-03,600519,stock,0.04,0.0,400.0,GREEN,False,False,尚无持仓成本，允许按计划定投,False,False,False,6,green,正常,
2024-03-01,2024-03,000858,stock,0.04,0.0,400.0,GREEN,False,False,尚无持仓成本，允许按计划定投,False,False,False,6,green,正常,
2024-03-01,2024-03,600036,stock,0.04,0.0,400.0,GREEN,False,False,尚无持仓成本，允许按计划定投,False,False,False,6,green,正常,
2024-03-01,2024-03,000333,stock,0.04,0.0,400.0,GREEN,False,False,尚无持仓成本，允许按计划定投,False,False,False,6,green,正常,
2024-03-01,2024-03,601318,stock,0.04,0.0,400.0,GREEN,False,False,尚无持仓成本，允许按计划定投,False,False,False,6,green,正常,
2024-04-01,2024-04,510300,etf,0.3,0.1076081734502607,0.0,RED,True,True,相对参考高点回撤 37.40%，超过 RED 阈值,False,False,False,4,price_red,价格 RED，强制人工复核,
2024-04-01,2024-04,510500,etf,0.2,0.13880647331545232,0.0,RED,True,True,相对参考高点回撤 27.71%，超过 RED 阈值,False,False,False,4,price_red,价格 RED，强制人工复核,
2024-04-01,2024-04,515180,etf,0.2,0.30401774501687384,5333.333333333333,GREEN,False,False,ETF 风险状态正常,False,False,False,6,green,正常,
2024-04-01,2024-04,518880,etf,0.1,0.2312479958258586,2666.6666666666665,GREEN,False,False,ETF 风险状态正常,False,False,False,6,green,正常,
2024-04-01,2024-04,600519,stock,0.04,0.0,400.0,GREEN,False,False,尚无持仓成本，允许按计划定投,False,False,False,6,green,正常,
2024-04-01,2024-04,000858,stock,0.04,0.0,400.0,GREEN,False,False,尚无持仓成本，允许按计划定投,False,False,False,6,green,正常,
2024-04-01,2024-04,600036,stock,0.04,0.0,400.0,GREEN,False,False,尚无持仓成本，允许按计划定投,False,False,False,6,green,正常,
2024-04-01,2024-04,000333,stock,0.04,0.0,400.0,GREEN,False,False,尚无持仓成本，允许按计划定投,False,False,False,6,green,正常,
2024-04-01,2024-04,601318,stock,0.04,0.0,400.0,GREEN,False,False,尚无持仓成本，允许按计划定投,False,False,False,6,green,正常,
2024-05-06,2024-05,510300,etf,0.3,0.10599263448275711,0.0,RED,True,True,相对参考高点回撤 36.21%，超过 RED 阈值,False,False,False,4,price_red,价格 RED，强制人工复核,
2024-05-06,2024-05,510500,etf,0.2,0.13750292458890595,0.0,RED,True,True,相对参考高点回撤 25.92%，超过 RED 阈值,False,False,False,4,price_red,价格 RED，强制人工复核,
2024-05-06,2024-05,515180,etf,0.2,0.3112595094216559,5333.333333333333,GREEN,False,False,ETF 风险状态正常,False,False,False,6,green,正常,
2024-05-06,2024-05,518880,etf,0.1,0.23136544337587073,2666.6666666666665,GREEN,False,False,ETF 风险状态正常,False,False,False,6,green,正常,
2024-05-06,2024-05,600519,stock,0.04,0.0,400.0,GREEN,False,False,尚无持仓成本，允许按计划定投,False,False,False,6,green,正常,
2024-05-06,2024-05,000858,stock,0.04,0.0,400.0,GREEN,False,False,尚无持仓成本，允许按计划定投,False,False,False,6,green,正常,
2024-05-06,2024-05,600036,stock,0.04,0.0,400.0,GREEN,False,False,尚无持仓成本，允许按计划定投,False,False,False,6,green,正常,
2024-05-06,2024-05,000333,stock,0.04,0.0,400.0,GREEN,False,False,尚无持仓成本，允许按计划定投,False,False,False,6,green,正常,
2024-05-06,2024-05,601318,stock,0.04,0.0,400.0,GREEN,False,False,尚无持仓成本，允许按计划定投,False,False,False,6,green,正常,
2024-06-03,2024-06,510300,etf,0.3,0.10263503183999831,0.0,RED,True,True,相对参考高点回撤 37.34%，超过 RED 阈值,False,False,False,4,price_red,价格 RED，强制人工复核,
2024-06-03,2024-06,510500,etf,0.2,0.12967579103327878,0.0,RED,True,True,相对参考高点回撤 29.13%，超过 RED 阈值,False,False,False,4,price_red,价格 RED，强制人工复核,
2024-06-03,2024-06,515180,etf,0.2,0.3205925571783446,5333.333333333333,GREEN,False,False,ETF 风险状态正常,False,False,False,6,green,正常,
2024-06-03,2024-06,518880,etf,0.1,0.2334230617140482,2666.6666666666665,GREEN,False,False,ETF 风险状态正常,False,False,False,6,green,正常,
2024-06-03,2024-06,600519,stock,0.04,0.0,400.0,GREEN,False,False,尚无持仓成本，允许按计划定投,False,False,False,6,green,正常,
2024-06-03,2024-06,000858,stock,0.04,0.0,400.0,GREEN,False,False,尚无持仓成本，允许按计划定投,False,False,False,6,green,正常,
2024-06-03,2024-06,600036,stock,0.04,0.0,400.0,GREEN,False,False,尚无持仓成本，允许按计划定投,False,False,False,6,green,正常,
2024-06-03,2024-06,000333,stock,0.04,0.0,400.0,GREEN,False,False,尚无持仓成本，允许按计划定投,False,False,False,6,green,正常,
2024-06-03,2024-06,601318,stock,0.04,0.0,400.0,GREEN,False,False,尚无持仓成本，允许按计划定投,False,False,False,6,green,正常,
2024-07-01,2024-07,510300,etf,0.3,0.0997772786130727,0.0,RED,True,True,相对参考高点回撤 38.94%，超过 RED 阈值,False,False,False,4,price_red,价格 RED，强制人工复核,
2024-07-01,2024-07,510500,etf,0.2,0.12334659979910494,0.0,RED,True,True,相对参考高点回撤 32.42%，超过 RED 阈值,False,False,False,4,price_red,价格 RED，强制人工复核,
2024-07-01,2024-07,515180,etf,0.2,0.32441514522437787,5333.333333333333,GREEN,False,False,ETF 风险状态正常,False,False,False,6,green,正常,
2024-07-01,2024-07,518880,etf,0.1,0.23649616064017806,2666.6666666666665,GREEN,False,False,ETF 风险状态正常,False,False,False,6,green,正常,
2024-07-01,2024-07,600519,stock,0.04,0.0,400.0,GREEN,False,False,尚无持仓成本，允许按计划定投,False,False,False,6,green,正常,
2024-07-01,2024-07,000858,stock,0.04,0.0,400.0,GREEN,False,False,尚无持仓成本，允许按计划定投,False,False,False,6,green,正常,
2024-07-01,2024-07,600036,stock,0.04,0.0,400.0,GREEN,False,False,尚无持仓成本，允许按计划定投,False,False,False,6,green,正常,
2024-07-01,2024-07,000333,stock,0.04,0.0,400.0,GREEN,False,False,尚无持仓成本，允许按计划定投,False,False,False,6,green,正常,
2024-07-01,2024-07,601318,stock,0.04,0.0,400.0,GREEN,False,False,尚无持仓成本，允许按计划定投,False,False,False,6,green,正常,
2024-08-01,2024-08,510300,etf,0.3,0.09929283959087064,0.0,RED,True,True,相对参考高点回撤 39.27%，超过 RED 阈值,False,False,False,4,price_red,价格 RED，强制人工复核,
2024-08-01,2024-08,510500,etf,0.2,0.12027572842199787,0.0,RED,True,True,相对参考高点回撤 34.15%，超过 RED 阈值,False,False,False,4,price_red,价格 RED，强制人工复核,
2024-08-01,2024-08,515180,etf,0.2,0.31328432850061544,0.0,YELLOW,True,True,相对参考高点回撤 8.01%，进入 YELLOW 区域；跌破长期均线且持续弱势,False,False,False,5,price_yellow,价格 YELLOW，暂停新增并人工复核,
2024-08-01,2024-08,518880,etf,0.1,0.24835666425676933,8000.0,GREEN,False,False,ETF 风险状态正常,False,False,False,6,green,正常,
2024-08-01,2024-08,600519,stock,0.04,0.0,400.0,GREEN,False,False,尚无持仓成本，允许按计划定投,False,False,False,6,green,正常,
2024-08-01,2024-08,000858,stock,0.04,0.0,400.0,GREEN,False,False,尚无持仓成本，允许按计划定投,False,False,False,6,green,正常,
2024-08-01,2024-08,600036,stock,0.04,0.0,400.0,GREEN,False,False,尚无持仓成本，允许按计划定投,False,False,False,6,green,正常,
2024-08-01,2024-08,000333,stock,0.04,0.0,400.0,GREEN,False,False,尚无持仓成本，允许按计划定投,False,False,False,6,green,正常,
2024-08-01,2024-08,601318,stock,0.04,0.0,400.0,GREEN,False,False,尚无持仓成本，允许按计划定投,False,False,False,6,green,正常,
2024-09-02,2024-09,510300,etf,0.3,0.09553947981724631,0.0,RED,True,True,相对参考高点回撤 42.07%，超过 RED 阈值,False,False,False,4,price_red,价格 RED，强制人工复核,
2024-09-02,2024-09,510500,etf,0.2,0.11337868307492371,0.0,RED,True,True,相对参考高点回撤 38.46%，超过 RED 阈值,False,False,False,4,price_red,价格 RED，强制人工复核,
2024-09-02,2024-09,515180,etf,0.2,0.3059684494865725,0.0,YELLOW,True,True,相对参考高点回撤 10.94%，进入 YELLOW 区域；跌破长期均线且持续弱势,False,False,False,5,price_yellow,价格 YELLOW，暂停新增并人工复核,
2024-09-02,2024-09,518880,etf,0.1,0.2613094182231283,8000.0,GREEN,False,False,ETF 风险状态正常,False,False,False,6,green,正常,
2024-09-02,2024-09,600519,stock,0.04,0.0,400.0,GREEN,False,False,尚无持仓成本，允许按计划定投,False,False,False,6,green,正常,
2024-09-02,2024-09,000858,stock,0.04,0.0,400.0,GREEN,False,False,尚无持仓成本，允许按计划定投,False,False,False,6,green,正常,
2024-09-02,2024-09,600036,stock,0.04,0.0,400.0,GREEN,False,False,尚无持仓成本，允许按计划定投,False,False,False,6,green,正常,
2024-09-02,2024-09,000333,stock,0.04,0.0,400.0,GREEN,False,False,尚无持仓成本，允许按计划定投,False,False,False,6,green,正常,
2024-09-02,2024-09,601318,stock,0.04,0.0,400.0,GREEN,False,False,尚无持仓成本，允许按计划定投,False,False,False,6,green,正常,
2024-10-08,2024-10,510300,etf,0.3,0.11129788258314269,0.0,YELLOW,True,True,相对参考高点回撤 22.03%，进入 YELLOW 区域,False,False,False,5,price_yellow,价格 YELLOW，暂停新增并人工复核,
2024-10-08,2024-10,510500,etf,0.2,0.13393174190177926,0.0,YELLOW,True,True,相对参考高点回撤 16.00%，进入 YELLOW 区域,False,False,False,5,price_yellow,价格 YELLOW，暂停新增并人工复核,
2024-10-08,2024-10,515180,etf,0.2,0.3138228019062137,5333.333333333333,GREEN,False,False,ETF 风险状态正常,False,False,False,6,green,正常,
2024-10-08,2024-10,518880,etf,0.1,0.2445911270862195,2666.6666666666665,GREEN,False,False,ETF 风险状态正常,False,False,False,6,green,正常,
2024-10-08,2024-10,600519,stock,0.04,0.0,400.0,GREEN,False,False,尚无持仓成本，允许按计划定投,False,False,False,6,green,正常,
2024-10-08,2024-10,000858,stock,0.04,0.0,400.0,GREEN,False,False,尚无持仓成本，允许按计划定投,False,False,False,6,green,正常,
2024-10-08,2024-10,600036,stock,0.04,0.0,400.0,GREEN,False,False,尚无持仓成本，允许按计划定投,False,False,False,6,green,正常,
2024-10-08,2024-10,000333,stock,0.04,0.0,400.0,GREEN,False,False,尚无持仓成本，允许按计划定投,False,False,False,6,green,正常,
2024-10-08,2024-10,601318,stock,0.04,0.0,400.0,GREEN,False,False,尚无持仓成本，允许按计划定投,False,False,False,6,green,正常,
2024-11-01,2024-11,510300,etf,0.3,0.10149494964656591,0.0,RED,True,True,相对参考高点回撤 30.07%，超过 RED 阈值,False,False,False,4,price_red,价格 RED，强制人工复核,
2024-11-01,2024-11,510500,etf,0.2,0.12946583760683592,0.0,YELLOW,True,True,相对参考高点回撤 20.14%，进入 YELLOW 区域,False,False,False,5,price_yellow,价格 YELLOW，暂停新增并人工复核,
2024-11-01,2024-11,515180,etf,0.2,0.30026847853362265,5333.333333333333,GREEN,False,False,ETF 风险状态正常,False,False,False,6,green,正常,
2024-11-01,2024-11,518880,etf,0.1,0.2661931105383562,2666.6666666666665,GREEN,False,False,ETF 风险状态正常,False,False,False,6,green,正常,
2024-11-01,2024-11,600519,stock,0.04,0.0,400.0,GREEN,False,False,尚无持仓成本，允许按计划定投,False,False,False,6,green,正常,
2024-11-01,2024-11,000858,stock,0.04,0.0,400.0,GREEN,False,False,尚无持仓成本，允许按计划定投,False,False,False,6,green,正常,
2024-11-01,2024-11,600036,stock,0.04,0.0,400.0,GREEN,False,False,尚无持仓成本，允许按计划定投,False,False,False,6,green,正常,
2024-11-01,2024-11,000333,stock,0.04,0.0,400.0,GREEN,False,False,尚无持仓成本，允许按计划定投,False,False,False,6,green,正常,
2024-11-01,2024-11,601318,stock,0.04,0.0,400.0,GREEN,False,False,尚无持仓成本，允许按计划定投,False,False,False,6,green,正常,
2024-12-02,2024-12,510300,etf,0.3,0.10174356195531603,0.0,RED,True,True,相对参考高点回撤 29.10%，超过 RED 阈值,False,False,False,4,price_red,价格 RED，强制人工复核,
2024-12-02,2024-12,510500,etf,0.2,0.1300051455757946,0.0,YELLOW,True,True,相对参考高点回撤 18.90%，进入 YELLOW 区域,False,False,False,5,price_yellow,价格 YELLOW，暂停新增并人工复核,
2024-12-02,2024-12,515180,etf,0.2,0.30715906586688446,5333.333333333333,GREEN,False,False,ETF 风险状态正常,False,False,False,6,green,正常,
2024-12-02,2024-12,518880,etf,0.1,0.2581582089359733,2666.6666666666665,GREEN,False,False,ETF 风险状态正常,False,False,False,6,green,正常,
2024-12-02,2024-12,600519,stock,0.04,0.0,400.0,GREEN,False,False,尚无持仓成本，允许按计划定投,False,False,False,6,green,正常,
2024-12-02,2024-12,000858,stock,0.04,0.0,400.0,GREEN,False,False,尚无持仓成本，允许按计划定投,False,False,False,6,green,正常,
2024-12-02,2024-12,600036,stock,0.04,0.0,400.0,GREEN,False,False,尚无持仓成本，允许按计划定投,False,False,False,6,green,正常,
2024-12-02,2024-12,000333,stock,0.04,0.0,400.0,GREEN,False,False,尚无持仓成本，允许按计划定投,False,False,False,6,green,正常,
2024-12-02,2024-12,601318,stock,0.04,0.0,400.0,GREEN,False,False,尚无持仓成本，允许按计划定投,False,False,False,6,green,正常,
2025-01-02,2025-01,510300,etf,0.3,0.09788992719201182,0.0,RED,True,True,相对参考高点回撤 31.37%，超过 RED 阈值,False,False,False,4,price_red,价格 RED，强制人工复核,
2025-01-02,2025-01,510500,etf,0.2,0.12044441411383545,0.0,YELLOW,True,True,相对参考高点回撤 24.40%，进入 YELLOW 区域,False,False,False,5,price_yellow,价格 YELLOW，暂停新增并人工复核,
2025-01-02,2025-01,515180,etf,0.2,0.3132934960349602,5333.333333333333,GREEN,False,False,ETF 风险状态正常,False,False,False,6,green,正常,
2025-01-02,2025-01,518880,etf,0.1,0.26392603605369375,2666.6666666666665,GREEN,False,False,ETF 风险状态正常,False,False,False,6,green,正常,
2025-01-02,2025-01,600519,stock,0.04,0.0,0.0,YELLOW,True,False,人工标记 manual_pause_buy=true；尚无持仓成本，允许按计划定投,True,False,False,3,manual_pause_buy,暂停新增，等待人工解除,用于验收暂停新增逻辑
2025-01-02,2025-01,000858,stock,0.04,0.0,500.0,GREEN,False,False,尚无持仓成本，允许按计划定投,False,False,False,6,green,正常,
2025-01-02,2025-01,600036,stock,0.04,0.0,500.0,GREEN,False,False,尚无持仓成本，允许按计划定投,False,False,False,6,green,正常,
2025-01-02,2025-01,000333,stock,0.04,0.0,500.0,GREEN,False,False,尚无持仓成本，允许按计划定投,False,False,False,6,green,正常,
2025-01-02,2025-01,601318,stock,0.04,0.0,500.0,GREEN,False,False,尚无持仓成本，允许按计划定投,False,False,False,6,green,正常,
2025-02-05,2025-02,510300,etf,0.3,0.09507032818204365,0.0,RED,True,True,相对参考高点回撤 31.77%，超过 RED 阈值,False,False,False,4,price_red,价格 RED，强制人工复核,
2025-02-05,2025-02,510500,etf,0.2,0.1190056208078682,0.0,YELLOW,True,True,相对参考高点回撤 23.55%，进入 YELLOW 区域,False,False,False,5,price_yellow,价格 YELLOW，暂停新增并人工复核,
2025-02-05,2025-02,515180,etf,0.2,0.3028710780577828,5333.333333333333,GREEN,False,False,ETF 风险状态正常,False,False,False,6,green,正常,
2025-02-05,2025-02,518880,etf,0.1,0.2806982711668905,2666.6666666666665,GREEN,False,False,ETF 风险状态正常,False,False,False,6,green,正常,
2025-02-05,2025-02,600519,stock,0.04,0.0,0.0,YELLOW,True,False,人工标记 manual_pause_buy=true；尚无持仓成本，允许按计划定投,True,False,False,3,manual_pause_buy,暂停新增，等待人工解除,用于验收暂停新增逻辑
2025-02-05,2025-02,000858,stock,0.04,0.0,500.0,GREEN,False,False,尚无持仓成本，允许按计划定投,False,False,False,6,green,正常,
2025-02-05,2025-02,600036,stock,0.04,0.0,500.0,GREEN,False,False,尚无持仓成本，允许按计划定投,False,False,False,6,green,正常,
2025-02-05,2025-02,000333,stock,0.04,0.0,500.0,GREEN,False,False,尚无持仓成本，允许按计划定投,False,False,False,6,green,正常,
2025-02-05,2025-02,601318,stock,0.04,0.0,500.0,GREEN,False,False,尚无持仓成本，允许按计划定投,False,False,False,6,green,正常,
2025-03-03,2025-03,510300,etf,0.3,0.09551900640682948,0.0,RED,True,True,相对参考高点回撤 30.03%，超过 RED 阈值,False,False,False,4,price_red,价格 RED，强制人工复核,
2025-03-03,2025-03,510500,etf,0.2,0.12224082822163665,0.0,YELLOW,True,True,相对参考高点回撤 19.84%，进入 YELLOW 区域,False,False,False,5,price_yellow,价格 YELLOW，暂停新增并人工复核,
2025-03-03,2025-03,515180,etf,0.2,0.30325594505068404,5333.333333333333,GREEN,False,False,ETF 风险状态正常,False,False,False,6,green,正常,
2025-03-03,2025-03,518880,etf,0.1,0.2783585801824079,2666.6666666666665,GREEN,False,False,ETF 风险状态正常,False,False,False,6,green,正常,
2025-03-03,2025-03,600519,stock,0.04,0.0,0.0,YELLOW,True,False,人工标记 manual_pause_buy=true；尚无持仓成本，允许按计划定投,True,False,False,3,manual_pause_buy,暂停新增，等待人工解除,用于验收暂停新增逻辑
2025-03-03,2025-03,000858,stock,0.04,0.0,0.0,RED,True,True,人工标记 thesis_broken=true；尚无持仓成本，允许按计划定投,False,False,True,1,thesis_broken,停止新增，最高优先级人工处理,用于验收逻辑失效处理；故意不额外打开 manual_force_review，以验证 thesis_broken 可独立生效
2025-03-03,2025-03,600036,stock,0.04,0.0,666.6666666666667,GREEN,False,False,尚无持仓成本，允许按计划定投,False,False,False,6,green,正常,
2025-03-03,2025-03,000333,stock,0.04,0.0,666.6666666666667,GREEN,False,False,尚无持仓成本，允许按计划定投,False,False,False,6,green,正常,
2025-03-03,2025-03,601318,stock,0.04,0.0,666.6666666666667,GREEN,False,False,尚无持仓成本，允许按计划定投,False,False,False,6,green,正常,
2025-04-01,2025-04,510300,etf,0.3,0.09127686546526194,0.0,RED,True,True,相对参考高点回撤 30.01%，超过 RED 阈值,False,False,False,4,price_red,价格 RED，强制人工复核,
2025-04-01,2025-04,510500,etf,0.2,0.11696169948925349,0.0,YELLOW,True,True,相对参考高点回撤 19.71%，进入 YELLOW 区域,False,False,False,5,price_yellow,价格 YELLOW，暂停新增并人工复核,
2025-04-01,2025-04,515180,etf,0.2,0.3039879554994733,5333.333333333333,GREEN,False,False,ETF 风险状态正常,False,False,False,6,green,正常,
2025-04-01,2025-04,518880,etf,0.1,0.29384851262370953,2666.6666666666665,GREEN,False,False,ETF 风险状态正常,False,False,False,6,green,正常,
2025-04-01,2025-04,600519,stock,0.04,0.0,0.0,YELLOW,True,False,人工标记 manual_pause_buy=true；尚无持仓成本，允许按计划定投,True,False,False,3,manual_pause_buy,暂停新增，等待人工解除,用于验收暂停新增逻辑
2025-04-01,2025-04,000858,stock,0.04,0.0,0.0,RED,True,True,人工标记 thesis_broken=true；尚无持仓成本，允许按计划定投,False,False,True,1,thesis_broken,停止新增，最高优先级人工处理,用于验收逻辑失效处理；故意不额外打开 manual_force_review，以验证 thesis_broken 可独立生效
2025-04-01,2025-04,600036,stock,0.04,0.0,666.6666666666667,GREEN,False,False,尚无持仓成本，允许按计划定投,False,False,False,6,green,正常,
2025-04-01,2025-04,000333,stock,0.04,0.0,666.6666666666667,GREEN,False,False,尚无持仓成本，允许按计划定投,False,False,False,6,green,正常,
2025-04-01,2025-04,601318,stock,0.04,0.0,666.6666666666667,GREEN,False,False,尚无持仓成本，允许按计划定投,False,False,False,6,green,正常,
2025-05-06,2025-05,510300,etf,0.3,0.0873627237230962,0.0,RED,True,True,相对参考高点回撤 31.48%，超过 RED 阈值,False,False,False,4,price_red,价格 RED，强制人工复核,
2025-05-06,2025-05,510500,etf,0.2,0.11133769839236839,0.0,YELLOW,True,True,相对参考高点回撤 21.82%，进入 YELLOW 区域；跌破长期均线且持续弱势,False,False,False,5,price_yellow,价格 YELLOW，暂停新增并人工复核,
2025-05-06,2025-05,515180,etf,0.2,0.2967953729294169,5333.333333333333,GREEN,False,False,ETF 风险状态正常,False,False,False,6,green,正常,
2025-05-06,2025-05,518880,etf,0.1,0.31226138190108044,2666.6666666666665,GREEN,False,False,ETF 风险状态正常,False,False,False,6,green,正常,
2025-05-06,2025-05,600519,stock,0.04,0.0,0.0,YELLOW,True,False,人工标记 manual_pause_buy=true；尚无持仓成本，允许按计划定投,True,False,False,3,manual_pause_buy,暂停新增，等待人工解除,用于验收暂停新增逻辑
2025-05-06,2025-05,000858,stock,0.04,0.0,0.0,RED,True,True,人工标记 thesis_broken=true；尚无持仓成本，允许按计划定投,False,False,True,1,thesis_broken,停止新增，最高优先级人工处理,用于验收逻辑失效处理；故意不额外打开 manual_force_review，以验证 thesis_broken 可独立生效
2025-05-06,2025-05,600036,stock,0.04,0.0,666.6666666666667,GREEN,False,False,尚无持仓成本，允许按计划定投,False,False,False,6,green,正常,
2025-05-06,2025-05,000333,stock,0.04,0.0,666.6666666666667,GREEN,False,False,尚无持仓成本，允许按计划定投,False,False,False,6,green,正常,
2025-05-06,2025-05,601318,stock,0.04,0.0,666.6666666666667,GREEN,False,False,尚无持仓成本，允许按计划定投,False,False,False,6,green,正常,
2025-06-03,2025-06,510300,etf,0.3,0.08745245107418313,0.0,RED,True,True,相对参考高点回撤 30.48%，超过 RED 阈值,False,False,False,4,price_red,价格 RED，强制人工复核,
2025-06-03,2025-06,510500,etf,0.2,0.10926433614988301,0.0,YELLOW,True,True,相对参考高点回撤 22.24%，进入 YELLOW 区域；跌破长期均线且持续弱势,False,False,False,5,price_yellow,价格 YELLOW，暂停新增并人工复核,
2025-06-03,2025-06,515180,etf,0.2,0.30624567235491457,0.0,RED,True,True,人工标记 manual_force_review=true；ETF 风险状态正常,False,True,False,2,manual_force_review,暂停新增，强制人工复核,用于验收强制复核逻辑，并观察与价格红线合并后的最终动作
2025-06-03,2025-06,518880,etf,0.1,0.3049398504292166,8000.0,GREEN,False,False,ETF 风险状态正常,False,False,False,6,green,正常,
2025-06-03,2025-06,600519,stock,0.04,0.0,0.0,YELLOW,True,False,人工标记 manual_pause_buy=true；尚无持仓成本，允许按计划定投,True,False,False,3,manual_pause_buy,暂停新增，等待人工解除,用于验收暂停新增逻辑
2025-06-03,2025-06,000858,stock,0.04,0.0,0.0,RED,True,True,人工标记 thesis_broken=true；尚无持仓成本，允许按计划定投,False,False,True,1,thesis_broken,停止新增，最高优先级人工处理,用于验收逻辑失效处理；故意不额外打开 manual_force_review，以验证 thesis_broken 可独立生效
2025-06-03,2025-06,600036,stock,0.04,0.0,666.6666666666667,GREEN,False,False,尚无持仓成本，允许按计划定投,False,False,False,6,green,正常,
2025-06-03,2025-06,000333,stock,0.04,0.0,666.6666666666667,GREEN,False,False,尚无持仓成本，允许按计划定投,False,False,False,6,green,正常,
2025-06-03,2025-06,601318,stock,0.04,0.0,666.6666666666667,GREEN,False,False,尚无持仓成本，允许按计划定投,False,False,False,6,green,正常,
2025-07-01,2025-07,510300,etf,0.3,0.08842707299537843,0.0,RED,True,True,相对参考高点回撤 28.27%，超过 RED 阈值,False,False,False,4,price_red,价格 RED，强制人工复核,
2025-07-01,2025-07,510500,etf,0.2,0.11237651943621421,0.0,YELLOW,True,True,相对参考高点回撤 18.39%，进入 YELLOW 区域,False,False,False,5,price_yellow,价格 YELLOW，暂停新增并人工复核,
2025-07-01,2025-07,515180,etf,0.2,0.305430348144347,0.0,RED,True,True,人工标记 manual_force_review=true；ETF 风险状态正常,False,True,False,2,manual_force_review,暂停新增，强制人工复核,用于验收强制复核逻辑，并观察与价格红线合并后的最终动作
2025-07-01,2025-07,518880,etf,0.1,0.30299798795391836,8000.0,GREEN,False,False,ETF 风险状态正常,False,False,False,6,green,正常,
2025-07-01,2025-07,600519,stock,0.04,0.0,0.0,YELLOW,True,False,人工标记 manual_pause_buy=true；尚无持仓成本，允许按计划定投,True,False,False,3,manual_pause_buy,暂停新增，等待人工解除,用于验收暂停新增逻辑
2025-07-01,2025-07,000858,stock,0.04,0.0,0.0,RED,True,True,人工标记 thesis_broken=true；尚无持仓成本，允许按计划定投,False,False,True,1,thesis_broken,停止新增，最高优先级人工处理,用于验收逻辑失效处理；故意不额外打开 manual_force_review，以验证 thesis_broken 可独立生效
2025-07-01,2025-07,600036,stock,0.04,0.0,666.6666666666667,GREEN,False,False,尚无持仓成本，允许按计划定投,False,False,False,6,green,正常,
2025-07-01,2025-07,000333,stock,0.04,0.0,666.6666666666667,GREEN,False,False,尚无持仓成本，允许按计划定投,False,False,False,6,green,正常,
2025-07-01,2025-07,601318,stock,0.04,0.0,666.6666666666667,GREEN,False,False,尚无持仓成本，允许按计划定投,False,False,False,6,green,正常,
2025-08-01,2025-08,510300,etf,0.3,0.08962407549870242,0.0,RED,True,True,相对参考高点回撤 25.58%，超过 RED 阈值,False,False,False,4,price_red,价格 RED，强制人工复核,
2025-08-01,2025-08,510500,etf,0.2,0.11543507529875126,8000.0,GREEN,False,False,ETF 风险状态正常,False,False,False,6,green,正常,
2025-08-01,2025-08,515180,etf,0.2,0.3046810603637558,0.0,RED,True,True,人工标记 manual_force_review=true；ETF 风险状态正常,False,True,False,2,manual_force_review,暂停新增，强制人工复核,用于验收强制复核逻辑，并观察与价格红线合并后的最终动作
2025-08-01,2025-08,518880,etf,0.1,0.30136972556372527,0.0,GREEN,False,False,ETF 风险状态正常,False,False,False,6,green,正常,
2025-08-01,2025-08,600519,stock,0.04,0.0,0.0,YELLOW,True,False,人工标记 manual_pause_buy=true；尚无持仓成本，允许按计划定投,True,False,False,3,manual_pause_buy,暂停新增，等待人工解除,用于验收暂停新增逻辑
2025-08-01,2025-08,000858,stock,0.04,0.0,0.0,RED,True,True,人工标记 thesis_broken=true；尚无持仓成本，允许按计划定投,False,False,True,1,thesis_broken,停止新增，最高优先级人工处理,用于验收逻辑失效处理；故意不额外打开 manual_force_review，以验证 thesis_broken 可独立生效
2025-08-01,2025-08,600036,stock,0.04,0.0,666.6666666666667,GREEN,False,False,尚无持仓成本，允许按计划定投,False,False,False,6,green,正常,
2025-08-01,2025-08,000333,stock,0.04,0.0,666.6666666666667,GREEN,False,False,尚无持仓成本，允许按计划定投,False,False,False,6,green,正常,
2025-08-01,2025-08,601318,stock,0.04,0.0,666.6666666666667,GREEN,False,False,尚无持仓成本，允许按计划定投,False,False,False,6,green,正常,
2025-09-01,2025-09,510300,etf,0.3,0.0953435788664137,0.0,YELLOW,True,True,相对参考高点回撤 16.61%，进入 YELLOW 区域,False,False,False,5,price_yellow,价格 YELLOW，暂停新增并人工复核,
2025-09-01,2025-09,510500,etf,0.2,0.133724925370737,8000.0,GREEN,False,False,ETF 风险状态正常,False,False,False,6,green,正常,
2025-09-01,2025-09,515180,etf,0.2,0.29163479441603446,0.0,RED,True,True,人工标记 manual_force_review=true；ETF 风险状态正常,False,True,False,2,manual_force_review,暂停新增，强制人工复核,用于验收强制复核逻辑，并观察与价格红线合并后的最终动作
2025-09-01,2025-09,518880,etf,0.1,0.29761850407612767,0.0,GREEN,False,False,ETF 风险状态正常,False,False,False,6,green,正常,
2025-09-01,2025-09,600519,stock,0.04,0.0,0.0,YELLOW,True,False,人工标记 manual_pause_buy=true；尚无持仓成本，允许按计划定投,True,False,False,3,manual_pause_buy,暂停新增，等待人工解除,用于验收暂停新增逻辑
2025-09-01,2025-09,000858,stock,0.04,0.0,0.0,RED,True,True,人工标记 thesis_broken=true；尚无持仓成本，允许按计划定投,False,False,True,1,thesis_broken,停止新增，最高优先级人工处理,用于验收逻辑失效处理；故意不额外打开 manual_force_review，以验证 thesis_broken 可独立生效
2025-09-01,2025-09,600036,stock,0.04,0.0,666.6666666666667,GREEN,False,False,尚无持仓成本，允许按计划定投,False,False,False,6,green,正常,
2025-09-01,2025-09,000333,stock,0.04,0.0,666.6666666666667,GREEN,False,False,尚无持仓成本，允许按计划定投,False,False,False,6,green,正常,
2025-09-01,2025-09,601318,stock,0.04,0.0,666.6666666666667,GREEN,False,False,尚无持仓成本，允许按计划定投,False,False,False,6,green,正常,
2025-10-09,2025-10,510300,etf,0.3,0.09364141926070213,6216.809338228313,GREEN,False,False,ETF 风险状态正常,False,False,False,6,green,正常,
2025-10-09,2025-10,510500,etf,0.2,0.14080939688981334,1783.1906617716857,GREEN,False,False,ETF 风险状态正常,False,False,False,6,green,正常,
2025-10-09,2025-10,515180,etf,0.2,0.27341689088380655,0.0,RED,True,True,人工标记 manual_force_review=true；ETF 风险状态正常,False,True,False,2,manual_force_review,暂停新增，强制人工复核,用于验收强制复核逻辑，并观察与价格红线合并后的最终动作
2025-10-09,2025-10,518880,etf,0.1,0.31944473508830945,0.0,GREEN,False,False,ETF 风险状态正常,False,False,False,6,green,正常,
2025-10-09,2025-10,600519,stock,0.04,0.0,0.0,YELLOW,True,False,人工标记 manual_pause_buy=true；尚无持仓成本，允许按计划定投,True,False,False,3,manual_pause_buy,暂停新增，等待人工解除,用于验收暂停新增逻辑
2025-10-09,2025-10,000858,stock,0.04,0.0,0.0,RED,True,True,人工标记 thesis_broken=true；尚无持仓成本，允许按计划定投,False,False,True,1,thesis_broken,停止新增，最高优先级人工处理,用于验收逻辑失效处理；故意不额外打开 manual_force_review，以验证 thesis_broken 可独立生效
2025-10-09,2025-10,600036,stock,0.04,0.0,666.6666666666667,GREEN,False,False,尚无持仓成本，允许按计划定投,False,False,False,6,green,正常,
2025-10-09,2025-10,000333,stock,0.04,0.0,666.6666666666667,GREEN,False,False,尚无持仓成本，允许按计划定投,False,False,False,6,green,正常,
2025-10-09,2025-10,601318,stock,0.04,0.0,666.6666666666667,GREEN,False,False,尚无持仓成本，允许按计划定投,False,False,False,6,green,正常,
2025-11-03,2025-11,510300,etf,0.3,0.0962989721264947,6087.900361780396,GREEN,False,False,ETF 风险状态正常,False,False,False,6,green,正常,
2025-11-03,2025-11,510500,etf,0.2,0.13602118323960494,1912.0996382196035,GREEN,False,False,ETF 风险状态正常,False,False,False,6,green,正常,
2025-11-03,2025-11,515180,etf,0.2,0.2788142026834812,0.0,RED,True,True,人工标记 manual_force_review=true；ETF 风险状态正常,False,True,False,2,manual_force_review,暂停新增，强制人工复核,用于验收强制复核逻辑，并观察与价格红线合并后的最终动作
2025-11-03,2025-11,518880,etf,0.1,0.31686347986841434,0.0,GREEN,False,False,ETF 风险状态正常,False,False,False,6,green,正常,
2025-11-03,2025-11,600519,stock,0.04,0.0,0.0,YELLOW,True,False,人工标记 manual_pause_buy=true；尚无持仓成本，允许按计划定投,True,False,False,3,manual_pause_buy,暂停新增，等待人工解除,用于验收暂停新增逻辑
2025-11-03,2025-11,000858,stock,0.04,0.0,0.0,RED,True,True,人工标记 thesis_broken=true；尚无持仓成本，允许按计划定投,False,False,True,1,thesis_broken,停止新增，最高优先级人工处理,用于验收逻辑失效处理；故意不额外打开 manual_force_review，以验证 thesis_broken 可独立生效
2025-11-03,2025-11,600036,stock,0.04,0.0,666.6666666666667,GREEN,False,False,尚无持仓成本，允许按计划定投,False,False,False,6,green,正常,
2025-11-03,2025-11,000333,stock,0.04,0.0,666.6666666666667,GREEN,False,False,尚无持仓成本，允许按计划定投,False,False,False,6,green,正常,
2025-11-03,2025-11,601318,stock,0.04,0.0,666.6666666666667,GREEN,False,False,尚无持仓成本，允许按计划定投,False,False,False,6,green,正常,
2025-12-01,2025-12,510300,etf,0.3,0.09866103462114169,0.0,YELLOW,True,True,相对参考高点回撤 15.29%，进入 YELLOW 区域,False,False,False,5,price_yellow,价格 YELLOW，暂停新增并人工复核,
2025-12-01,2025-12,510500,etf,0.2,0.13134628535452605,8000.0,GREEN,False,False,ETF 风险状态正常,False,False,False,6,green,正常,
2025-12-01,2025-12,515180,etf,0.2,0.2716897463259095,0.0,RED,True,True,人工标记 manual_force_review=true；ETF 风险状态正常,False,True,False,2,manual_force_review,暂停新增，强制人工复核,用于验收强制复核逻辑，并观察与价格红线合并后的最终动作
2025-12-01,2025-12,518880,etf,0.1,0.32617601521626816,0.0,GREEN,False,False,ETF 风险状态正常,False,False,False,6,green,正常,
2025-12-01,2025-12,600519,stock,0.04,0.0,0.0,YELLOW,True,False,人工标记 manual_pause_buy=true；尚无持仓成本，允许按计划定投,True,False,False,3,manual_pause_buy,暂停新增，等待人工解除,用于验收暂停新增逻辑
2025-12-01,2025-12,000858,stock,0.04,0.0,0.0,RED,True,True,人工标记 thesis_broken=true；尚无持仓成本，允许按计划定投,False,False,True,1,thesis_broken,停止新增，最高优先级人工处理,用于验收逻辑失效处理；故意不额外打开 manual_force_review，以验证 thesis_broken 可独立生效
2025-12-01,2025-12,600036,stock,0.04,0.0,666.6666666666667,GREEN,False,False,尚无持仓成本，允许按计划定投,False,False,False,6,green,正常,
2025-12-01,2025-12,000333,stock,0.04,0.0,666.6666666666667,GREEN,False,False,尚无持仓成本，允许按计划定投,False,False,False,6,green,正常,
2025-12-01,2025-12,601318,stock,0.04,0.0,666.6666666666667,GREEN,False,False,尚无持仓成本，允许按计划定投,False,False,False,6,green,正常,
